Subcategory,Product Count,Sample Products
"shirts",1621,"Adv Unify Hybrid Jacket W; Adv Join Fz Jacket M; Progress Ls Basket Jersey Jr"
"jackets",1395,"Core Light Padded Jacket M; Rush 2.0 Training Jacket M; Evolve Down Jacket M"
"caps",651,"CHILKA. Barnkeps i polyester; Saco; Kyle"
"pants",594,"Basic Pants; Bend; Cargo Pocket"
"backpacks",557,"Genève, datorryggsäck 15,6"; Florens, datorryggsäck 15,6"; Escape, backpack Bergen"
"laptop-bags",555,"Case Logic Advantage 14" Attaché. Svart; Case Logic Advantage 15,6" Attaché. Svart; Florens, datorväska dam 15""
"sportflaskor",455,"Rebig Moss - Enväggig flaska 750ml; PORTIS GLASS. Glasflaska med PP-lock 500 mL; LANDSCAPE L. Sportflaska i aluminium med karbinhake 800 mL"
"beanies",443,"CARL. återvunnen polyester (100% rPET) unisex mössa; HAWK. återvunnen polyester (100% rPET) unisex mössa; Jersey Beanie"
"keychains",371,"Florens, nyckelring; Polly - Flytande nyckelringsarmband; Strokey - Nyckelring med PU-rem"
"folders",369,"Gummibandsmapp kartong u.kl. A4; Mapp LYRECO A4 3-klaff 280g 50/fp; Gummibandsmapp EXACOMPTA 3-k PP A4 4/fp"
"cooler-bags",320,"Asivik RPET-kylväska; Reykjavik, kylväska låg; Reykjavik, kylväska hög"
"toys",317,"Bath Bombs Kit V. Pedagogiskt spel levereras med en 190T vikbar presentpåse; BRYCE. Fotboll i PVC; Crayon Factory Kit II. Pedagogiskt spel levereras med en 190T vikbar presentpåse"
"shoes",315,"Basic Backpack; Basic Bag; Smart Backpack"
"sweatshirts-collegetrojor",307,"Columbia - COLUMBIA UNISEX SWEATSHIRT; Heavy Hoody; Basic Hoody"
"gym-bags",270,"Cabetri Colour - Gymnastikpåse pre-used bomull; Night - Stor gymnastikpåse 300D RPET; CreaDraw T RPET dragsko med tryck"
"team-wear",259,"Squad Go Jacket M; Craft Träningsjacka Progress Herr; Squad 2.0 Full Zip M"
"shopping-bags",256,"Shoppingvagn; Reykjavik, tote bag; Carrie Colour - Hopvikbar kasse 140 gr/m²"
"towels",241,"Makaha Strandhandduk; CAPLAN. Multifunktionell handduk (260 g/m²) tillverkad av lätt och motståndskraftig bomull (90 %) oc; BARDEM S. Handduk (350 g/m²) i bomull (82 %) och återvunnen bomull (18 %)"
"necessarer",240,"Florens, necessär L; Florens, necessär S; Sandhamn, necessär"
"sports-bags",210,"Sandhamn, weekendbag; Flight, barrel bag; Flight, bag"
"speakers",185,"Bool - Högtalare av bambu & RPET; PEREY. ABS bärbar högtalare med mikrofon; Gauss Speaker"
"sommarprodukter",183,"Petani; RILEY II. EPE-fodrad picknickfilt (180 g/m²); ALDAN. Strandhink i PP"
"pens",183,"Kulpenna PAPER MATE Inkjoy 100 Cap 1,0 r; Kulpenna PAPER MATE Inkjoy 100 Cap 1,0 s; Kulpenna PAPER MATE Inkjoy 100 Cap 1,0 b"
"travel-bags",161,"Köpenhamn, resväska M; Köpenhamn, resväska S; Köpenhamn, resväska L"
"vin-bar",159,"Feltster - Drickunderlägg av RPET-filt; FUNFAYE. Underlägg med flasköppnare; Starguard - Drickunderlägg i RPET filt"
"overdelar-barnklader",157,"Condor Kids - CONDOR BARN Huvtröja; Columbia Kids - COLUMBIA BARN Tröja; Slam Kids - SLAM BARN Huvtröja"
"candy",157,"Rund hattask med julmix | Flera varianter; Blåvand karameller | Flera smaker; Oval Hattask | Flera varianter"
"kitchen-tools",157,"TOKEV. Pizza skärare; Brus kolsyremaskin; Emma presskanna 1 l."
"trolley-bags",142,"Resväska 75 cm, 4 hjul, Lyxig inredning, Expanderbar; Resväska 55 cm, 4 hjul, lyxig inredning, expanderbar; Set med resväskor, S/M/L"
"inredning",141,"NESBIT II. Bärbar skrivbordslampa med klämma och 30 timmars autonomi vid 65 % rABS; Fraga Doftpinnar; Pier portable LED lampa H 25 cm"
"shoulder-bags",138,"Florens, datorväska 15"; Florens, datorväska 13"; Escape, sling bag Bergen"
"sunglasses",128,"Yuma - Sportsolglasögon UV400; Uluwatu RPET solglasögon; Solglasögon av RPC Angel"
"t-shirts",128,"B&C T-shirt 190 Herr; B&C T-shirt 150 Herr; B&C T-shirt 150 Dam"
"pladar",118,"SMOOTH. 100 % akrylfilt med band för personligt kort (270 g/m²); Filt i fleece (enfärgad) EU; Plyschfigur björn med fleecefilt Owen"
"candles",115,"Pila - Fyrkantigt doftljus 50 gr; Fraga Doftljus 9 cm; Fraga Doftljus 6 cm"
"sangklader",112,"Örngott & Underlakan; Örngott & Underlakan Satin; Dra-på-lakan Lyocell"
"servering",110,"Bridge - Stor bordsduk 280x210 cm; Mepal Ellipse isolerad lunchbägare 2.0; Mepal Ellipse Mini lunchbägare"
"traningstrojor",101,"THC NICOSIA. Herr sport t-shirt; THC NICOSIA WOMEN. Sport t-shirt för damer; SIam kortärmad sport-T-shirt för herrar"
"anteckningsbocker",99,"Ant.bok OXFORD A5 soft linj; Kollegieblock OXFORD Origins A4+ lin; Kollegieblock A5 60g 70 bl olinj"
"matlador",95,"PYRUS. Lunchlåda. 1000ml PP hermetisk låda; Beibabox - PLA-majs lunchlåda 1000ml; Tintoretto Lunchbox"
"forkladen",95,"VESPER. Förkläde i 100 % bomullsduk (300 g/m²) med metalldetaljer; Sandhamn, förkläde; Florens, förkläde"
"midjevaskor",94,"Escape, waistbag Bergen; Escape, waistbag Bergen; Duffy, midjeväska"
"traningsbyxor",91,"Basic Sweatpants; Heavy Sweatpants; Unisex Sponge Fleece Jogger Sweatpants"
"ovrigt-fritid",88,"SuboBike Frame väska med anpassad cykelram; SuboBike Handle väska för cykelstyre med tryck; PP visselpipa Damon"
"blankettfack-och-boxar",85,"Förvaringsbox BIGSO L grå; Blankettbox EXACOMPTA Harlequin 7 lådor; Blankettbox EXACOMPTA BeeBlue 4 lådor"
"friluftsliv",84,"Victorinox fickkniv Spartan; Faltbar - Hopvikbart sittunderlag; Gorner Mini mini multifunktionell fickkniv"
"halsdukar-scarfs",80,"Mellax RPET multifunktionell halsduk; Fleece scarf Pure; Halsduk Wrap"
"traryggsparmar-a4",78,"Gaffelpärm ACTUAL 60mm FSC; Gaffelpärm ACTUAL 60mm FSC; Gaffelpärm ACTUAL 60mm FSC"
"brevkorgar",75,"Brevkorg LYRECO A4; Brevkorg CEP Mineral 4-korg grå-vit-rosa; Blankettfack EXCOMPTA vertikal 5 av. ECO"
"planbocker",72,"Florens, kreditkortsfodral 6; Florens, kort­ och sedelplånbok; Duffy, wallet"
"mobilhallare-mobilstall",70,"Chatom RPET trådlös laddare för bärbar dator; Rinbook - A5 anteckningsbok telefonställ; Cohol Neck nyckelband för mobilhållare, fyrkantigt"
"mobilladdare",70,"Rizo - 3 kablar; Freal 5 W trådlös laddningsplatta; SCX.design W12 trådlös laddningsstation"
"bil-cykel",69,"Sadelskydd i RPET, Florence; Sadelskydd i RPET, Florence; Edison väska med kabel för EV-laddare"
"balloons",68,"Ballong med tryck; Reklamballong med eget tryck; Ballongbokstäver i guld 50 cm"
"stamplar",65,"Stämpeldyna TRODAT 5205 6/55 svart; K-Stämpel 1211 - Max 35 x 35 mm; K-Stämpel 1202 - Max 40 x 15 mm"
"haftklammer-och-tillbehor",63,"Klammerborttagare LYRECO metall; Häftklammer LYRECO nr.10 5000/fp; Häftklammer LYRECO nr.10 1000/fp"
"mobilskal",62,"Escape, computerbag/sleeve 13"; Florens, datorfodral 15"; Thule Gautlet Case for iPhone® 6 Plus/6s Plus. Blue"
"mattband",62,"Resure 5M RABS måttband; Resure 3M RABS måttband; Måttband (1,5 m) Theo"
"sallskapsspel",60,"Peppermor anpassat minnesspel; Lombok dominobrickor, miljöskydd; Colormor Memoryspel med färgläggning, miljöskydd"
"skarbrador",60,"Skärbräda 38x21cm; Acacut skärbräda av akacia; Homey"s Wood Fiber Cutting Board Small skärbräda"
"strandvaskor",59,"Kaimani - Kasse i non-woven RPET; Maldi Beach - Strandväska i canvas 320 gr/m²; Belinho RPET torrpåse"
"slipsar",55,"Slips; Slips; Slips"
"arkivkartonger-och-boxar",55,"Arkivkartong FELLOWES Bankers; Förvaringsbox bärbar ALBA trä; Arkivbox för pärmar PRESSEL 10/fp"
"ovrigt-hemmet",54,"Mepal Calypso Soptunna; Prixton Hidra luftfuktare; Madame - Elegant väsk-hängare"
"magnets",54,"Magnetblock 50x75x12mm; Magnetark ACTUAL 24x32cm; Magnetark ACTUAL 24x32cm"
"dokumentvaskor",50,"SuboBag Docu Skräddarsydd Dokumentväska; Refelt Money RPET-väska i filt; Dokumentväska i RPET filt Riley"
"bestick",48,"Biteful - Bestickset och fodral i PLA; Camino bestickset; Biteful - Bestickset och fodral i PLA"
"penn-och-prylstall",48,"Blankettbox DURABLE Varicolor 4 Safe; Skrivbordsförvaring CEP Silva Bambu; Pennkopp LYRECO"
"tablet-skal-fodral",47,"Cotin - 15" datafodral i bomull; Case Logic iPad Sleeve. Black; Case Logic Sleeve för iPad/tablet. Svart"
"hoodies",47,"Junior Hood; Junior Hood Jacket; Hoodtröja Sport Barn by AWDis"
"picnic",42,"WHITSUNDAY. 600D High Density Återvunnen Polyester Picknick kylväskryggsäck; Bangkok Cooler; Tierra set med sugrör och bestick"
"matchstall",42,"Progress 2.0 Graphic Jersey M; Progress 2.0 Shorts M; Progress Reversible Shorts M"
"tillbehor",41,"Zip-puller SW 5-pack; Printer - Zip Puller; Printer - Knapp Stor"
"whiteboardtavlor-glas",40,"Glastavla LEITZ Cosy 80x60cm; Glastavla LEITZ Cosy 80x60cm; Glastavla NOBO 45" Widescreen"
"stickade-trojor",39,"Liffin V-neck pullover; Liffin V-neck pullover; Liffin V-neck pullover"
"bordsstall-och-panelsystem",39,"Panel SHERPA A4; Panel SHERPA med stift A4; Panel Actual A4 10/fp"
"headphones",38,"Chadwik Earbuds; Pascal Earbuds; Braavos 2 True Wireless öronsnäckor med automatisk parkoppling"
"gloves",37,"Handnit - Stickade handskar i RPET; TouchScreen Smart Gloves; Recycled Fleece Gloves"
"underdelar-barnklader",37,"THC SPRINT KIDS. Träningsbyxor för barn; Jr Mellion stretch trousers; Jr Links  rain trousers"
"broschyr-och-tidningssstall",36,"Tidskriftssamlare CEP RIVIERA vit 5/fp; Tidskriftssamlare FELLOWES kartong 10/fp; Tidskriftssamlare EXACOMPTA A4 70mm"
"multi-tools",35,"Victorinox Huntsman fickkniv; Victorinox Classic SD fickkniv; MaxiStar gåvoset"
"shorts",34,"Cool Shorts Barn; WP19 - Skirt Agnes; FS33 - Stretch Shorts"
"tidskriftssamlare",33,"Tidskriftssamlare CEP 4/FP; Tidskriftssamlare LYRECO blå; Tidskriftssamlare DURABLE ECO A4"
"skalar",32,"Michelangelo Bowl; Okeeffe Bowl; Amuse Tylla Bowl 1 L"
"ovrigt-halsa",32,"SuboBag Shoe Skopåse med tryck; Solskyddsfaktor 30 10ml; ROBERTS. Tablettlåda med 4 avdelare"
"funktions-t-shirt",32,"Junior Cool Dry; Cool T; Contrast Cool T"
"traningslinnen",32,"Kids Cool Vest; Funktionslinne Cool Herr; Funktionslinne Cool Dam"
"ringparmar",32,"Ringpärm A4 ring: 16mm PP ficka; Ringpärm LYRECO A4 PP 2ring(EU) 25mm vit; Ringpärm A4 D-ring: 45mm PP ficka"
"kartongknivar",31,"Mugg i rostfritt stål med dubbla väggar (300 ml) Renate; Highcut - Kartongkniv; Labana - Brytbladskniv"
"spa",31,"Wellmark 250 ml body wash; Wellmark Soft Hands 250 ml handkräm med pump; Badset i bomull Jean"
"fitness-trackers",30,"Irto - Smart trådlös hälsoklocka; Arta - Smart trådlös hälsoklocka; Arta - Smart trådlös hälsoklocka"
"fleecetrojor",30,"Sunningdale halfzip; Sunningdale fullzip; Dunbar halfzip fleece"
"informationsstall",30,"Instick DURABLE 75x40mm 240/fp; Bordsskylt papper 220x70mm 50/fp; Akrylficka till Vendor HL Display A5"
"demoparmar-och-demobocker",30,"Demobok EXACOMPTA rec 20 ficko; Demobok EXACOMPTA rec 50 ficko; Demobok EXACOMPTA rec 40 ficko"
"vaggramar",29,"Väggram aluminiumprofil 70x100cm vit; Väggram A3 aluminiumprofil 32mm; Väggram A3 aluminiumprofil 32mm"
"kollegieblock",28,"Kollegieblock SOL A4 70g 70 blad olinj.; Kollegieblock SOL A5 70g 70bl linjerat; Kollegieblock SOL A5 70g 70 bl rutat"
"kokshanddukar",27,"Alora kökshandduk av 200 g/m² återvunnen bomull; Kökshandduk Solid Återvunnen; Kökshanddukar 2-pack"
"ficknasdukar",27,"Ficknäsduk; Ficknäsduk; Ficknäsduk"
"flugor",27,"Fluga; Fluga; Fluga"
"pins-badges",27,"Pins med egen logo; Pins i mjukemalj; Pins gjutna"
"resekuddar",26,"Heddow - Snabb uppblåsbar resekudde; Hedrest - Resekudde i skumplast; Resekudde Polytester Leontine"
"salt-pepparkvarnar",26,"Kampanj! Vi bjuder på inslagning! Gurken salt- och pepparkvarn stor; Gurken salt- och pepparkvarn medium; Axia Salt- och pepparkvarn"
"rundhalsade-trojor",26,"Junior Sweat; Printer - Marathon Junior; Sweatshirt by AWDis"
"linjal",26,"Linjal MAPED 30cm; Linjal LYRECO 30cm; Linjal LYRECO 40cm"
"laptopfodral",25,"Case Logic Reflect 15,6" Laptop Sleeve. Svart; Case Logic Reflect 14" Laptop Sleeve. Svart; Case Logic Reflect 13,3" Laptop Sleeve. Svart"
"stekpannor-kastruller",24,"Granny Kastrull; Gretl Gjutjärnsgryta; Nordic Profi fry pan 28 cm"
"smittskydd",23,"Clip-On Sunscreen SPF 30; Dörröppnare i aluminium Jada; HANDY SAFE. Multifunktionell nyckelring"
"damtrojor",23,"Printer - Speedway Lady; Printer - Speedway Lady; Hoodtröja Reflex Dam"
"piketrojor-funktion",23,"Cool Dry Sport Pique; Cool Polo; Men"s poly/cotton blend polo"
"blanketter",23,"Lottring Fair Play 1-200; Lottring Fair Play 1-100; Karbonpapper BNT A4 svart 10/fp"
"skrivunderlagg",23,"Skrivunderlägg EXACOMPTA TEKSTO; Skrivunderlägg CEP Sliva vit/bok; Skrivunderlägg LYRECO 25ark 59x42cm"
"korthallare-yoyo",23,"Jojo CARDKEEP med nyckelrin; Jojo CARDKEEP med plaststrip; Miniyoyo CARDKEEP med nyckelrin"
"grillen",22,"POKE. Grillset; BBQ-Kit grillsett; POKE. Grillset"
"korthallare-standard",22,"Nyckelband rPET m. karbinhake 46cm 10/fp; Nyckelband rPET karbinhake beige 10/fp; Korthållare DURABLE reXycle® 10/fp"
"mobilvaskor",21,"Mobibolsa - Crossbody-väska för smartphone; Case Logic Cover Galaxy Tab4. Acai; Case Logic Roterande Galaxy Tab4. 10,1". Grafit metallisk"
"vaggklockor",21,"Horma - Väggklocka; Relo - Väggklocka; Khoma - Väggklocka"
"papperskorgar",21,"Papperskorg LYRECO 14L; Papperskorg ARCHIVO 2000 18; Papperskorg DURABLE economy 13L m.grå"
"gaffelparmar-i-plast",21,"Gaffelpärm PP med ficka A4 40mm; Pärm LYRECO ECO A4 EU.hål PP 80mm; Gaffelpärm PP med ficka A4 40mm"
"ytterklader-barnklader",20,"THC ZAGREB KIDS. Barnjacka; THC DUBLINERS KIDS. Vindjacka (unisex); THC AMSTERDAM KIDS. Barnjacka"
"koksknivar",20,"Set med skärbräda och kniv; Set med skärbräda och kniv; Akira kinesisk kockkniv"
"vattentata-vaskor",20,"Camper 10 L vattentät outdoorbag; Drybag Ripstop 5L IPX6; Drybag Ripstop 10L IPX6"
"mobilfodral",20,"SBS Book Wallet Lite Case för Samsung Galaxy S22®. Svart; SBS Book Wallet Lite Case för Samsung Galaxy S21 FE®. Svart; SBS Book Wallet Lite Case för iPhone 12 / 12 Pro®. Svart"
"bladderblock",20,"Blädderblock Sketch Eco 5x20st; Blädderblock Sketch Eco rutigt 2x50st; Blädderblock Sketch Eco rutigt 5x20st"
"vaderstationer-termometrar",20,"Zepra väderstation; Väderstation Calor; Väderstation Forecast"
"tillbehor-resa",19,"SuitSave Skräddarsydd Resegarderob; Cozy - 2 i 1 resefilt set; Trip Aware flaskväska av återvunnet material på 2 l"
"disk-rengoring",19,"Disktrasa Standard 172x200 mm; Disktrasa Stor 303x258 mm; Dina Diskställ rullbart"
"namnbrickor",19,"Namnskylt DURABLE vridbart 60x90 25/fp; Namnskylt DURABLE A6 halsb. 10/fp; Namnskylt ACTUAL 90x57mm 50-pack"
"burkar-matforvaring",18,"Poesia Glasburk på Fat; Large Jar; Ellen harburk med lock (6) Benvit"
"ekologiska-t-shirt",18,"Breda kortärmad T-shirt ekologisk bomull barn; Prince kortärmad piké ekologisk bomull herr; Azurite kortärmad herr ekologisk t-shirt"
"armbandsur",18,"Carpe Diem, Montmartre; Spectre; Turbo"
"anslagstavlor",18,"Anslagstavla EARTH kork 120x90; Glasskåp NOBO Premium 4xA4; Anslagstavla kork 45x60cm"
"skrivplattor",18,"Skrivplatta EXACOMPTA enkel A4; Skrivplatta EXACOMPTA enkel A4; Skrivplatta enkel A4 PVC"
"gatustall",18,"Gatuställ Alufjäder 70x100cm silver; Gatuställ Sign 50x70cm; Gatuställ Sign 50x70cm"
"manikyr",17,"RASPERA. Nagelfil i glas; NADIA. 4-delars manikyrset; RASPERA. Nagelfil i glas"
"reseplanbocker",17,"Florens, passfodral/korthållare; Passpu RPU-passfodral; rPET reseplånbok Susanne"
"speglar",17,"Remake RPS fickspegel; Glow - Dubbel magnetisk spegel; Glow Round - Spegel"
"brandskydd",17,"Brandsläckare 2 Kg; Brandfilt 120 x 120 cm; Brandfilt 120 x 180 cm"
"mobilfickor",17,"Korthållare med Lycra; Mobilficka silikon; Slip - Visitkortsfodral för mobil"
"block-ovriga",17,"Blockkubhållare DURABLE 90x90mm 800ark g; Blockkubhåll Pepperpot 90x90 800ark vit; Blockkub Pepperpot 90x90 800ark färg"
"moss-tangentbord",16,"Curvy C - Trådlös mus uppladdningsbar; Wlick optisk mus; Curvy - Trådlös mus"
"grytlappar-grytvantar",16,"Ugnsvantar i bomull Elsie; Basquiat Kitchen Glove; Titian Kitchen Glove"
"herr-t-shirt",16,"Original T-Shirts; Rock T; Printer RED - Run"
"magnet-ramar",16,"Plastficka rPET A3 magnetisk 5/fp; Plastficka rPET A4 magnetisk 5/fp; Magnetram DJOIS solo A3 röd/vit 2/fp"
"pappersklammor",16,"Pappersklämma Foldback 19mm; Pappersklämma LYRECO foldback 41mm 12/fp; Pappersklämma BULL DOG metall 50mm 12/fp"
"padel",15,"Setty - Set med pickleballpaddel; Setty - Set med pickleballpaddel; Overgrip ring"
"dam-t-shirt",15,"Printer RED - Run Lady; Basic-T, dam; Rock T Lady"
"piketrojor-herr",15,"Men"s Classic Polo; Original Pique; Men"s classic fit tipped polo"
"varmedynor",15,"HeatPad värmedyna; Relief värmepaket; Heapsule varm-kall förpackning"
"haftapparater-manuella",15,"Blockhäftare LYRECO HD100 grå; Blockhäftare RAPID Duax grå/orange; Blockhäftare LYRECO HD200 ljusgrå/svart"
"bladderblockstall",15,"Blädderblocksställ Sketch Pro; Blädderblocksställ Sketch Pro mobil; Blädderblocksställ Sketch Pro mobil rund"
"kartnalar",15,"Kartnålar cylinderformade 25/fp; Kartnålar cylinderformade 25/fp; Kartnålar ACTUAL cylinderformad 30/fp"
"husdjurstillbehor",14,"Kolapdier - Bärbar skål för husdjur 350 ml; Chappy hundskål; Kolapdier - Bärbar skål för husdjur 350 ml"
"korrigeringsroller",14,"Korr.roller refill LYRECO 4,2x10m; Korr.roller LYRECO 4,2mmx12m; Korr.roller PRITT CompactFlex 6mmx10m"
"spelkort",13,"Spelkort i metallbox Nathan; Aruba - Kortlek i pp ask; JOHAN. Kortlek"
"pannlampor",13,"Pannlampa Azalia; Pannlampa Adventure; Pannlampa Azalia"
"ovrigt-usb-data",13,"Gocharge RPET organiseringsfodral; Prixton Goya P10-projektor; Prixton Cinema miniprojektor"
"bordsklockor",13,"Okiru väckarklocka; Bordsklocka Bell; Modern Retro Klocka"
"babyklader",13,"Baby T-shirt; Baby All-in-One; Organic Baby Long Sleeve Bodysuit"
"piketrojor-dam",13,"Women"s polo; Printer - Surf Lady; Klassisk piké, dam"
"munskydd",12,"INGRID. Multifunktionsväska med EVA-fack; MOORE. Multifunktionsväska med ett EVA-fack; INGRID. Multifunktionsväska med EVA-fack"
"webcamskydd",12,"Webcam Cover; HIDE. ABS webbkameraskydd; Webbkameraskydd Hide"
"halslag",12,"Hålslag RAPID Int hålning 4 hål svart; Hålslag LYRECO EU.hål 30ark svart; Hålslag LEITZ WOW 5151 svart"
"parmtillbehor",12,"Multifunktionshylla 4 hyllplan med hjul; Pärmvagn 2 hyllplan 100,6x86x34cm björk; Ringmekanism 23mm"
"fasten-och-farstpistol",12,"Fästsnöre 85mm 5000/fp; Handdukskrok TESA Smooz kromad; J-Krok 25mm till Fästpistol 5000/fp"
"kannor",11,"MELIOR 1"2L. Plastkanna 1"2L; COOL-IT karaff 1.5 l.; COOL-IT karaff 1.5 l."
"ovrigt-verktyg",11,"Helm - Skyddshjälm i ABS stl 51-63; Largo nyckelring med plastnyckel för element; Largo nyckelring med plastnyckel för element"
"handvaskor",11,"GILI. PU-handväska (21 % återvunnen PU och 30 % återvunnen polyester); SuboPurse 360 RPET-väska med tryck; Mistral 2in1 Ryggsäck & Resväska"
"akutvaska-plasterset-mm",11,"First Aid Bag; Nyckelring mun mot mun-mask; Förstahjälpen kudde"
"barn-t-shirt",11,"Junior T-shirt; Rock T Junior; Printer - Heavy T-shirt Jr"
"spiralblock",11,"Spiralblock A7 60g 50 blad Rutat; Spiralkladd 147x297mm 70g 96 blad linj; Spiralblock A5 60g 100 blad rutat"
"skyltning",11,"Klämlist 80cm 2/fp; Klämlist 50cm 2/fp; Mobilknapp m. ögla för skyltupph. 100/fp"
"resegarderober",10,"Florens, resegarderob; Renew AWARE rPET 3-delars förpackningskubset; Florens, resegarderob"
"ovrigt-barnklader",10,"THC RUN KIDS. Sportstrumpa för barn; Baby Bib; Bandana Bib"
"polotrojor",10,"Aloha UV turtle neck; Aloha UV turtle neck; Aloha UV turtle neck"
"cardigans",10,"Printer - Javelin Rsx; Printer - Javelin Lady; Lady Pima Cotton Cardigan"
"earplugs",10,"Skycap; Plux öronproppar; Continental"
"bokforingsbocker",10,"Journalbok 380x250mm 11 Dkol, 5 Ekol; Kontorsbok A4 156N 96 sidor linj N; Kontorsbok A4,153A, linj 200 sidor"
"prisetiketter-och-prismarkare",10,"Etikett METO avtagbar 32x19 vit 1000/rl; Etikett Manilla 55x110mm natur 1000/fp; Biljettblock 1-100"
"traryggsparmar-specialformat",10,"Gaffelpärm JOPA special A4 80mm; Gaffelpärm JOPA special A4 80mm; Gaffelpärm JOPA special A4 80mm"
"tumstockar",10,"Metric tumstock; Metric WoodPro tumstock; Måttstock Stabila Pro"
"nyckelhittare",9,"FindIt bluetooth nyckelsökare; Busca - Smart Tracker iOS; Busca - Smart Tracker iOS"
"putsdukar",9,"CreaClean RPET anpassade glasögon tyg; Skärmrengörare Leah; Skärmrengörare 15ml"
"touchvantar",9,"Oasis Touch-Screen Gloves Viraloff; Retap RPET-handskar för pekskärm; TouchGlove handskar"
"brastandare",9,"Laddbar Braständare med tryck; Tändare Hot fire; Grilltändare"
"haftapparater-el",9,"Elhäftare RAPID 90EC; Elhäftare RAPID 5025e; Elhäftare RAPID Optima 20 vit/svart"
"whiteboardtavlor-mobil-glas",9,"Glastavla LEGAMASTER r.hörn 100x200cm gr; Glastavla LEGAMASTER r.hörn 100x200cm bl; Glastavla LEGAMASTER r.hörn 100x150cm gr"
"uppdelningsband",9,"Uppdelningsband ACTUAL 3mmx13m; Uppdelningsband ACTUAL 2mmx13m; Uppdelningsband ACTUAL 3mmx13m"
"scarves",8,"Stadium Scarf; Classic Waffle Knit Scarf; Knitted Scarf and Beanie Gift Set"
"vastar-herr",8,"Printer - Trial Vest; Dunväst, herr; Fodrad Väst Nautilus Herr"
"balten",8,"Faux Leather & braid belt; Braid stretch belt; Two colour stripe braid stretch belt"
"sovmasker",8,"Bonne Nuit - Ögonbindel; Sovmask; Jetlag RPET ögonmask för resor"
"mobiltillbehor-ovrigt",8,"6SFT1 | Fresh "n Rebel Smart Finder (Apple Find My); Försvarsspray SMART  5-i-1; Försvarsspray SMART Mini 3-i-1"
"lim",8,"Häftmassa UHU 80 rutor 55g; Boktejp reparation SCOTCH 38,1mm × 13,7m; Häftmassa LYRECO 55 rutor 50G"
"dorrskyltar",8,"Instick Crystal Sign 148x105mm 10/fp; Dörrskylt DURABLE Info sign 210x297mm; Dörrskylt DURABLE Info sign 149x52,5mm"
"gemkoppar",8,"Gemkopp LYRECO magnetisk transparant; Gemkopp nät metall 118x50mm; Gemkopp nät metall 118x50mm"
"startset-for-whiteboardtavlor",8,"Tillbehörskit NOBO MoveMeet; Tillbehörskit NOBO MoveMeet Mod; Startset WOODEN 17-delar"
"sportstrumpor",7,"Sportstrumpa, kort; Sneakerstrumpa; Sneakerstrumpa"
"billiga-t-shirt",7,"Basic-T Man 150; Printer - Light T-shirt Rsx; Printer - Light T-shirt Lady"
"kassaskrin-och-tillbehor",7,"Kassaskrin 115x150x80mm; Kassaskrin 160x200x90mm mörkgrå; Kassaskrin 115x150x80mm"
"sjalvhaftande-ramar",7,"Plastficka rPET A4 självhäftande 5/fp; Plastficka rPET A3 självhäftande 5/fp; Magnetram DURAFRAME SUN UV A4 2/fp"
"brev-och-katalogstall",7,"Katalogställ DURABLE ECO; Katalogställ DURABLE ECO; Akryllåda 300x300x110mm"
"visitkortshallare",7,"Visitkortsställ transparent; Visitkortssnurra DURABLE VISIFIX svart; Visitkorts/mobilhållare"
"ovriga-tillbehor",7,"Sedelräknare SAFESCAN 2250 G2; Sedelräknare nr.6 diam 22mm 20/fp; Mynträknare SAFESCAN 1250"
"korthallare-clips",7,"Nyckelband rPET med karbinhake 10/fp; Jojo CARDKEEP med nyckelrin; Jojo CARDKEEP med plaststrip"
"badrum",7,"Brabantia Badrum Caddy; Brabantia Mindset Badrumsavfallskärl; Hairtrimmer från Dahlbergs"
"accessories",6,"Siena Scarf; Marlow Stretch Belt; Siena Beanie"
"understallstrojor",6,"Wool Original Roll-neck with zip; Wool Original Hoodie Full Zip; Wool Original Round Neck"
"v-ringade-trojor",6,"Printer - Forehand; Printer - Forehand Lady; Pima Cotton V-Neck"
"elfordon",6,"RAWBIKE 250E | Flera färger; Abus Skurb Hjälm | Flera storlekar; RAWBIKE 4X | Flera färger"
"bagageband",6,"Valo - Bagageband/rem; Bagageband 3 pack; Bagageband, Vävda bagageband (1700 mm)"
"bokstod",6,"Bokstöd 230X150mm svart 2-pack; Bokstöd DJOIS Eco 2/fp; Bokstöd med hyllklämma till vänster vit"
"paperclips",6,"Gem Koppar 25mm 100/fp; Gem koppar 45mm 1 kg; Gem koppar 32 mm 1 kg"
"visitkortsparmar",6,"Visitkortspärm extrafickor 10/fp; Visitkortsficka självhäft. 60x95mm 10/fp; Visitkortsficka DURABLE 10/fp"
"verktygsset",6,"Pitstop; Bits sats; SCX.design T20 30-delars skruvmejsel- och reparationssats i aluminiumfodral"
"bagagevagar",6,"Bagagevåg Lift Off; Fickvåg; Bagagevåg"
"arkiveringstillbehor",6,"Bindmekanism LYRECO 80mm 50/fp; Pappersspjut ACTUAL 155mm svart; Bindmekanism FELLOWES EU-hålning 100/fp"
"supporterprodukter",5,"Ansiktsfärg Colornation; Clappy RPP-klämma; Ansiktsfärg Colornation"
"picknickvaskor",5,"Shoppingväska/picknickväska polyester (600D) Nadine; Picknickryggsäck Polyester (600D) Allison; Picknick-ryggsäck med kylfack, i polyester (600D) Izaro"
"vastar-barn",5,"Reflexväst för barn med tryck; Reflexväxt Barn med tryck; Reflexväxt Barn med tryck"
"traningsunderklader",5,"Women"s Cool Sports Crop Top; Women"s TriDri® performance sports bra; TriDri® Boxer Briefs"
"selfiepinnar",5,"Selfiepinne med EVA-handtag Ursula; Influp selfie-stativ; Helie - Mobil Selfie ring ljus"
"mobilarmband",5,"Foban mobil armband fodral; Runfree anpassat armbandsfodral för mobil; CONFOR. PU-armband och softshell för 6.5" smartphone"
"vaxduksbocker",5,"Vaxduksbok A6 72 blad, linjerat; Vaxduksbok A7 48 blad, linjerat; Vaxduksbok A5 med register 72 blad"
"kundkorg",5,"Kundkorg 27L; Kundkorg 27L; Kundkorg 27L"
"taveltorkare",5,"Refillpads WOODEN för taveltorkare 10/fp; Microfiberduk 40x40cm; Taveltorkare WOODEN magnetisk"
"bagagelas",5,"Kombinationslås för resväska; SCX.design T11 smart hänglås med fingeravtryck; SCX.design T10 hänglås som öppnas med fingeravtryck"
"traningsvastar",4,"Hi vis reflective border tabard (HVJ259); Warmup; Craft Reflexväst"
"usb-hub",4,"Dorian; Fyra Bamboo Hub; PD Hub Type C"
"haftpistoler-och-hafttanger",4,"Häftpistol RAPID R23; Häftpistol RAPID R13 Ergonomic; Häftpistol RAPID ECO svart"
"stalryggsparmar",4,"Gaffelpärm Agrippa A4+ 60mm; Gaffelpärm Agrippa A4+ 60mm; Gaffelpärm Agrippa A4+ 60mm"
"pappersregister",4,"Pappersreg. EXACOMPTA Forever A4 12-del; Pappersreg EXACOMPTA Forever A4 10-del; Pappersreg EXACOMPTA Forever A4 5-del"
"powerbank-multifunktion",4,"Wusic - 15W trådlös laddningshögtalare; Vevradio med ficklampa och solcell; Powerset - Datortillbehör påse"
"powerbank-egen-design",3,"Nödradio, Multifunktionell handvevad nödradio; Nödradio, Multifunktionell handvevad nödradio; Sinox Bluetooth® nödradio. Grön"
"mobler",3,"Original Outdoor Sittsäck; Sinox Bluetooth® högtalare och bord i svart; Sinox Bluetooth® högtalare och bord i vitt"
"barn-trojor",3,"Klassisk collegetröja, barn; Klassisk collegetröja, barn; Klassisk collegetröja, barn"
"vastar-dam",3,"Dunväst, dam; Fodrad Väst Nautilus Dam; Quiltad Väst Tarah Dam"
"langarmade-t-shirt",3,"Nebraska T-shirt lång ärm; Printer - Heavy T-shirt L/s; Printer - Heavy T-shirt L/s"
"usb-minnen-nyckelring",3,"USB-minne - Capsul; USB-minne - Capsul; USB-minne - Capsul"
"kortlador-och-tillbehor",3,"Kortlåda HAN A5L ljusgrå; Kortlåda HAN A7L ljusgrå; Kortlåda HAN A6L ljusgrå"
"golvstaende-tavlor",3,"Glastavla mobil LINTEX 650x1960mm; Glastavla mobil LINTEX 650x1960mm; Glastavla mobil LINTEX mobilt svart"
"korrigeringsvatska",3,"Korrigeringsvätska Soft Tip 25g; Korrigeringsvätska LYRECO 20ml; Korrigeringsvätska PRITT 20ml"
"whiteboardtavlor-a4-och-a5",3,"Whiteboard kontorstavla A4 vit; Whiteboard kontorstavla linjerad A5; Whiteboard kontorstavla A5 vit"
"smycken",3,"Fauleti - Armband i flätat konstläder; Faulet - Armband i flätat konstläder; I love pride armband"
"notebooks",3,"Konferensblock LYRECO A5 70g 10bl linj; Konferensblock A4 60g 25bl linj hålat; Konferensblock A4 70g 10 blad linjerat"
"miniflaktar",2,"Blobile smartphone-fan; Nadira - Bordsfläkt"
"ekologiska-piketrojor",2,"Prince kortärmad piké ekologisk bomull dam; Prince kortärmad piké ekologisk bomull dam"
"understall",2,"Wool Original Long Johns; Wool Original Long Johns"
"sportvastar",2,"Printer - Trial Vest Lady; Printer - Trial Vest Lady"
"powerbank-anteckningsbok",2,"Nao - Konferens/Dokumentmapp - A5; Nao - Konferens/Dokumentmapp - A5"
"billiga-usb-minnen",2,"USB 2.0 T-Shirt; USB 2.0 T-Shirt"
"powerbank-slim",2,"Powerflat8 - Power Bank 8000 mAh; Powerflat8 - Power Bank 8000 mAh"
"powerbank-solcell",2,"Solar Powerflat - Solcells power bank 8000 mAh; Solar Powerflat - Solcells power bank 8000 mAh"
"balansredskap",2,"Sittboll JOBOUT Ø65; Balansplatta JOBOUT Aktiv 60x39x11cm sva"
"arkivparmar",2,"Arkivpärm A5 60mm brun; Arkivpärm A4 kartong 60mm beige"
"europaparmar",2,"Pärm EU-hålning PP A4 50mm svart; Pärm EU-hålning PP A4 80mm svart"
"hallare-for-pennor-och-taveltork",2,"Tillbehörsbox glastavla svart; Pennhylla Cup Magnetic"
"kombinationstavlor",2,"Kombinationstavla NOBO 90x120cm; Kombinationstavla NOBO 60x90cm"
"whiteboardtavlor-lackerad-stal",2,"board NOBO MoveMeet 180x90cm; board NOBO MoveMeet 180x90cm"
"usb-lampor",2,"Lushlet - Inomhusträdgård med LED-ljus; Laptoplampa, ABS och metall Lola"
"418885894-892112",1,"GIBRALTAR. Återvunnen presentväska av bomull (70%), polyester (30% rPET) (140 g/m²)"
"375996474-843286",1,"THC MONACO WOMEN. Dam piketröja"
"451066322-963803",1,"75089. Lanyard Tube Long Set II. Standard modeller"
"375998798-843294",1,"THC BERLIN WOMEN. Dam piketröja"
"500207302-1220078",1,"Lanyard Tube Long Set I. Standard modeller"
"500206140-1220068",1,"Lanyard Tube Short Set. Standard modeller"
"500204978-1220051",1,"Lanyard Tube Long Set II. Standard modeller"
"447149220-956103",1,"THC PIXEL 3XL. Kroppsvärmare med flera fickor"
"553236334-1600726",1,"Revent RPET nyckelband"
"477458828-1087853",1,"Kaipi nyckelring med flasköppnare"
"477457666-1087849",1,"Ralager kapsylöppnare"
"447156192-956130",1,"THC FAIR. T-shirt i 100 % bomull"
"447160840-956147",1,"THC TUBE. Polyester (90 %) t-shirt"
"447146896-956095",1,"THC FAIR SMALL. T-shirt i 100 % bomull"
"454079388-972205",1,"Florens, bagagetag"
"59143476-94872",1,"Applådstavar 2-pack - Standard"
"473148970-1057818",1,"Perfect Lsl Men - PERFECT HERR L.Ä. POLO PIQ"
"489485528-1153438",1,"Stream Bw Men - STREAM HERR VÄST"
"493732638-1186187",1,"Pegase - PEGASE Pique ekologisk 210g"
"336432698-1555459",1,"T-Shirt Round Neck"
"336437346-722389",1,"Polo Piqué Shirt"
"461449954-991477",1,"Presentband"
"461455764-991493",1,"Presentband"
"493732638-1186185",1,"Pegase - PEGASE Pique ekologisk 210g"
"493727990-1624425",1,"Re Crusader - RE CRUSADER T-shirt 150g"
"448635418-958218",1,"Subiner YoYo RPET Nyckelring"
"495010838-1191365",1,"THC RUN. Sportstrumpa"
"461451116-991484",1,"Presentband"
"473150132-1057826",1,"Wilson Bw Men - WILSON BW HERR 380T"
"489486690-1153442",1,"Stream Bw Women - STREAM DAM VÄST"
"553892864-1619407",1,"Lanyard NAUTIC Long Set I. Standard modeller"
"473147808-1057816",1,"Perfect Lsl Women - PERFECT DAM LSL POLO 180"
"195379842-639003",1,"BARLEY. Flaska öppnare av aluminium"
"495024782-1191399",1,"THC CLOUD. Vadderad väst (unisex)"
"336480340-722641",1,"Unisex Triblend Crew Neck T-Shirt"
"532261072-1507240",1,"Essential Crew 3-p Socks"
"553232848-1600700",1,"Revent Plus RPET nyckelband"
"473151294-1057829",1,"Wilson Bw Women - WILSON BW DAM 380T"
"495024782-1191398",1,"THC CLOUD. Vadderad väst (unisex)"
"531246646-1511642",1,"Drizzle poncho"
"477436750-1087805",1,"SuboGift L presentpåse med tryck, stor"
"477433264-1087798",1,"SuboGift M presentpåse med tryck, medium"
"435552460-950396",1,"Presentpåse i papper Mariano"
"435409534-950196",1,"Flasköppnare i plast Tay"
"524969522-1467665",1,"Tuner - TUNER T-SHIRT"
"500805732-1225591",1,"Sancho strandtofflor"
"477485554-1087896",1,"Rescrap isskrapa"
"549743362-1586410",1,"Ezra - Veganskt läppbalsam"
"24002272-361674",1,"Profilerbar kyl med egen design"
"23999948-461560",1,"Julmust med egen etikett"
"477485554-1087895",1,"Rescrap isskrapa"
"495703390-1232023",1,"Max cushioning Premier Slip In Shoe"
"553098056-1600380",1,"Revent Call RPET nyckelband för mobilhållare"
"553045766-1600294",1,"Swirl RABS flasköppnare"
"446318390-954408",1,"Cray drycool polo"
"446263776-954262",1,"Cray drycool polo"
"446264938-954273",1,"Cray sleeveless"
"446306770-954379",1,"Lytham softshell vest"
"446338144-954462",1,"Dove sock 3-pack"
"446253318-954233",1,"Lytham softshell vest"
"552996962-1600200",1,"Flintlight tändare"
"552994638-1600192",1,"Flatlight tändare"
"553001610-1600209",1,"Jetlight jet tändare"
"446320714-954424",1,"Loop t-shirt"
"558598964-1616731",1,"Hammel recycled polo"
"531488342-1512410",1,"Labicor Läppbalsam"
"531365170-1512117",1,"Tublox Läppbalsam"
"511649516-1323099",1,"Gift Bag Recycled S"
"511650678-1323102",1,"Gift Bag Recycled M"
"512367632-1331142",1,"Gift Bag Recycled L"
"558597802-1616727",1,"Pikewood drycool polo"
"538982080-1535291",1,"Grove hybrid vest"
"558587344-1616709",1,"Hammel recycled cupsleeve"
"558588506-1616715",1,"Hammel recycled halfsleeve"
"538979756-1535286",1,"Grove hybrid vest"
"531488342-1512411",1,"Labicor Läppbalsam"
"531447672-1512284",1,"PivoBag anpassad RPET-ölpåse"
"531446510-1512281",1,"VinoBag RPET-vinpåse med tryck"
"531361684-1512110",1,"Lippa Läppbalsam"
"488035352-1142854",1,"Passerkortshållare Exklusiv"
"501121796-1599968",1,"Orlando bagagetagg"
"552950482-1600087",1,"Boofri kylskåpsmagnet, rektangel"
"553237496-1600737",1,"Corphon RPET nyckelband för mobilhållare"
"501124120-1226228",1,"Tangerang bagagetagg"
"531489504-1512415",1,"Contor Läppbalsam"
"531287316-1599980",1,"Nordra väst med kroppsvärmare"
"475753012-1080142",1,"Passerkortshållare (pull reel)"
"578516806-1721436",1,"Explorer - Explorer T-shirt Unisex"
"bracelets",1,"Atama - Pannband i polycotton"
"583530836-1760130",1,"Soc Large - Ett par julstrumpor L"
"555002574-1608386",1,"PP-ask läppbalsam Kimberly"
"583529674-1760128",1,"Soc Medium - Par julstrumpor M"
"93840796-175830",1,"Korallrock 290g"
"205906400-591551",1,"Badrock College"
"159368300-633550",1,"Sparock 150g"
"124064416-265043",1,"Velourbadrock 400g"
"377914936-796933",1,"Frottérock 450g"
"306012700-633548",1,"Frottérock Med Luva"
"527222640-1483011",1,"Velourrock"
"551116846-881951",1,"Diamond Badrock Herr"
"548698724-881954",1,"Diamond Badrock Herr"
"584944990-1066075",1,"Diamond Badrock Dam"
"531447672-1512283",1,"PivoBag anpassad RPET-ölpåse"
"531446510-1512282",1,"VinoBag RPET-vinpåse med tryck"
"93840796-175829",1,"Korallrock 290g"
"4098374-8200",1,"Badboll med tryck"
"138598712-948534",1,"Uppblåsbar badboll med tryck"
"495123552-1191597",1,"MAUPITI S / M. Bekväma tofflor med PE-sula och PVC-band"
"495124714-1191608",1,"MAUPITI L / XL. Bekväma tofflor med PE-sula och PVC-band"
"413941584-882951",1,"Canichie - Toffelstrumpor M"
"583530836-1760129",1,"Soc Large - Ett par julstrumpor L"
"583529674-1760127",1,"Soc Medium - Par julstrumpor M"
"565002746-1185435",1,"GEYSER stretch running socks"
"375514244-789204",1,"Active Mid Sock 3-Pack"
"196280392-450883",1,"Sport socks"
"196279230-450875",1,"Sneaker socks"
"147852880-338896",1,"Långt Skohorn med tryck"
"147854042-338899",1,"Extra Långt Skohorn med tryck"
"187192390-429116",1,"Skohorn 130 mm"
"486341156-1132618",1,"Sure Track Erath Work Shoe w"
"486344642-1132622",1,"Relaxed Fit Flex Advantage Bendon Work Shoe"
"486522428-1132911",1,"Bregman Shoe"
"486631656-1133311",1,"Max Cushioning Delta Shoe w"
"486346966-1132625",1,"Max Cushioning Delta Shoe"
"446338144-954461",1,"Dove sock 3-pack"
"495010838-1191364",1,"THC RUN. Sportstrumpa"
"561417976-1628837",1,"Seger Basic Cotton 5-pack"
"561416814-1628834",1,"Seger Basic Cotton Ribbed 3-pack"
"534248092-1513236",1,"Skohorn metall 58 cm"
"534246930-1513233",1,"Skohorn metall 31 cm"
"562112852-1632284",1,"Leatherlace on role 50 M Shoelace"
"554111320-1604463",1,"Max Cushioning Exciton Endeavour Slip ins Shoe"
"495123552-1191594",1,"MAUPITI S / M. Bekväma tofflor med PE-sula och PVC-band"
"495124714-1191605",1,"MAUPITI L / XL. Bekväma tofflor med PE-sula och PVC-band"
"545826260-1564593",1,"Printer - Shoelaces"
"545825098-1564589",1,"Printer - Flex Sneakers"
"568429484-1659821",1,"Flipflop"
"485490572-1128948",1,"MASCOT® FOOTWEAR ORIGINALS"
"568437618-1659852",1,"Flipflop"
"568439942-1659862",1,"Flipflop"
"568431808-1659837",1,"Flipflop"
"568430646-1659830",1,"Flipflop"
"568435294-1659845",1,"Flipflop"
"568432970-1659839",1,"Flipflop"
"568434132-1659842",1,"Flipflop"
"579175660-1730006",1,"MASCOT® FOOTWEAR CASUAL"
"500805732-1225592",1,"Sancho strandtofflor"
"205906400-479456",1,"Badrock College"
"205912210-479481",1,"Frottérock 445g"
"159368300-362507",1,"Sparock 150g"
"377914936-796936",1,"Frottérock 450g"
"527222640-1588110",1,"Velourrock"
"205192932-477781",1,"Advantage Dress Women"
"442324596-943331",1,"Marietta"
"587322442-1806551",1,"Eco-Friendly Ladie"s Terry Towel Dropped Shoulders"
"587321280-1806548",1,"Eco-Friendly Ladies" Jersey Washed Effect Dress"
"111018642-226353",1,"Serenity öronproppar i etui"
"110922196-226113",1,"Discovery bagageetikett med tryck"
"495627860-1194820",1,"River bagagebricka med fönster av återvunnet material"
"139503910-717433",1,"Bagagebricka Reflex med tryck"
"411652444-871078",1,"RPET Felt GRS Luggage Tag resbagagelapp"
"454079388-972204",1,"Florens, bagagetag"
"140978488-662811",1,"Bagagebricka Flip-Flop med tryck"
"520359868-1428069",1,"Recycled Leather Luggage Tag Bagagebrickorna"
"524687156-1465227",1,"Vegan Pineapple Leather Luggage Tag"
"557389322-1613654",1,"Flygbricka med nyckelring"
"56741622-468552",1,"Billig Skoputs med tryck"
"147744814-338603",1,"Skoputs med tryck"
"141165570-663225",1,"Rund Skoputs med tryck"
"140859964-662429",1,"Stor Kylskåpsmagnet med tryck"
"140858802-662428",1,"Rektangulär Kylskåpsmagnet med tryck"
"353740688-763298",1,"DomeBadge Magnetiskt Badge"
"353788330-763350",1,"Woofri kylskåpsmagnet"
"552950482-1600086",1,"Boofri kylskåpsmagnet, rektangel"
"553751100-1602565",1,"Åhus - Bagagebricka"
"174593986-400568",1,"Glasgow"
"174588176-400546",1,"Denver"
"501124120-1226229",1,"Tangerang bagagetagg"
"446318390-954413",1,"Cray drycool polo"
"446263776-954259",1,"Cray drycool polo"
"446306770-954380",1,"Lytham softshell vest"
"584202472-1767810",1,"Delano Padded Blazer"
"558598964-1616730",1,"Hammel recycled polo"
"538982080-1535290",1,"Grove hybrid vest"
"558597802-1616726",1,"Pikewood drycool polo"
"558587344-1616712",1,"Hammel recycled cupsleeve"
"139213410-716986",1,"Kundvagnsmynt EUR med tryck"
"139211086-716984",1,"Kundvagnsmynt Nyckelring SEK med tryck"
"139209924-716982",1,"Kundvagnsmynt SEK med logo"
"109897312-223616",1,"Regnponcho i påse med tryck"
"152582220-347979",1,"Nimbus - Regnponcho i rund behållare"
"152370736-347559",1,"Blado - Regnkappa med kapuchong"
"152153442-347148",1,"Regal - Regnponcho"
"141734950-310562",1,"Regnponcho med tryck"
"138583606-948497",1,"Regnponcho i plastboll med tryck"
"138592902-948509",1,"Billig regnponcho med tryck"
"191530136-668253",1,"Clear regnponcho"
"499591442-1215660",1,"Vallen - Regnponcho"
"175680456-403601",1,"Aegis poncho nyckelring"
"448335622-957650",1,"Barrio poncho"
"531246646-1511644",1,"Drizzle poncho"
"152806486-348412",1,"Servitörskniv med logo"
"140403298-717024",1,"Knappar Kampanjknappar (25 mm Ø)"
"140839048-662376",1,"Handgel med tryck"
"52719940-83748",1,"De Luxe Kapsylöppnare med tryck"
"52722264-83752",1,"Kapsylöppnare med nyckelring"
"137290300-946973",1,"Kapsylöppnare Nyckelring med tryck"
"192412094-670890",1,"LiftUp öppnare / nyckelring"
"195769112-640052",1,"CLOSE. Karbinhake med kapselöppnare i aluminium"
"353740688-763297",1,"DomeBadge Magnetiskt Badge"
"449609174-960291",1,"Isolerad mugg"
"435409534-950198",1,"Flasköppnare i plast Tay"
"524110804-1438509",1,"Nyckelring med flasköppnare"
"568818754-1661521",1,"Kapsylöppnare i Aluminium med nyckelring"
"568821078-1661531",1,"Kapsylöppnare flaskdesign"
"568814106-1661499",1,"Kapsylöppnare i Aluminium med nyckelring"
"568816430-1661508",1,"Kapsylöppnare i Aluminium"
"568815268-1661501",1,"Kapsylöppnare i Aluminium med nyckelring"
"568817592-1661513",1,"Kapsylöppnare i Aluminium med nyckelring"
"568819916-1661523",1,"Kapsylöppnare design likt en kanna"
"568822240-1661532",1,"Kapsylöppnare i Aluminium med nyckelring"
"568805972-1661479",1,"Kapsylöppnare Magnetisk"
"568812944-1661491",1,"Kapsylöppnare i Aluminium"
"477458828-1087856",1,"Kaipi nyckelring med flasköppnare"
"477457666-1087845",1,"Ralager kapsylöppnare"
"52711806-83737",1,"Microfiberduk i ask med tryck"
"139380738-717264",1,"Korthållare silikon med putsduk"
"4098374-10986",1,"Badboll med tryck"
"138598712-948533",1,"Uppblåsbar badboll med tryck"
"5355658-437648",1,"Mini Badboll med tryck"
"109931010-223704",1,"Antistressboll med tryck"
"137587772-947364",1,"Billig Stressboll med tryck"
"137586610-947356",1,"Jonglerboll med logo"
"137722564-947587",1,"Antistress Bygghjälm med tryck"
"137283328-946946",1,"Fickspegel med logo"
"296903782-1228944",1,"Kampo - Tändare"
"1677928-49708",1,"Billig tändare med tryck"
"140883204-662513",1,"Tändare Polo med tryck"
"140937818-662716",1,"Elektronisk Tändare med Kapsylöppnare"
"1676766-3291",1,"Färgad Tändare med tryck"
"1758106-3411",1,"Tändare med egen logo"
"210119812-662595",1,"Tändare kapsylöppnare"
"140893662-662560",1,"Tändare med logo"
"378312340-798840",1,"Flint tändare"
"140887852-662536",1,"Elektronisk Tändare med tryck"
"313353054-662588",1,"Turbotändare"
"67841046-108666",1,"Elektronisk tändare med logo"
"161737618-366563",1,"Tändare i plast med tryck"
"140934332-662706",1,"Tändare med fullfärgstryck"
"140884366-662522",1,"Transparent Tändare med tryck"
"140882042-662510",1,"Tändare Cricket 90 med tryck"
"206152744-479814",1,"Noa - Tändare"
"210118650-662586",1,"Turbotändare Adventure"
"378320474-798862",1,"Fuego tändare"
"378315826-798848",1,"Tornado tändare"
"520370326-1428100",1,"Blacktop tändare"
"552996962-1600201",1,"Flintlight tändare"
"553001610-1600207",1,"Jetlight jet tändare"
"553085274-1600355",1,"Flatlight Shine tändare"
"152779760-348347",1,"Werel - Ansiktsfärg Belgium"
"59143476-94873",1,"Applådstavar 2-pack - Standard"
"147852880-338897",1,"Långt Skohorn med tryck"
"147747138-338606",1,"Putshorn med tryck"
"187364366-429267",1,"Påsklämma med logo"
"187355070-429257",1,"Påsklämma med tryck"
"187380634-429277",1,"Stor Påsklämma med tryck"
"153208538-349360",1,"Silikonarmband med eget tryck"
"138905480-716651",1,"Festivalband PVC med tryck"
"139069322-716705",1,"Sytt Sadelskydd med tryck"
"139555038-717505",1,"Sadelskydd reflex med tryck"
"139075132-716771",1,"Sadelskydd PU med tryck"
"139072808-716747",1,"Sadelskydd Nylon med tryck"
"109964708-223793",1,"Billigt cerat med tryck"
"495512822-1194516",1,"Adony läppbalsam"
"548379174-1578775",1,"Ero läppbalsam"
"568613080-1660952",1,"Eden läppbalsam med vanilj"
"152195274-347251",1,"Gloss - Läppbalsam"
"164800650-376477",1,"Lips - Lypsyl"
"153690768-350458",1,"Uv Soft - Runt läpp cerat med UV skydd"
"442699922-944055",1,"Balm - Veganskt läppbalsam i burk"
"52732722-83778",1,"Lippo cerat med tryck"
"138596388-948513",1,"Cerat med solskyddsfaktor"
"140864612-662451",1,"Läppbalsam med tryck"
"195507662-639405",1,"JOLIE. Lypsyl i PS och PP"
"140865774-662458",1,"Cerat i boll med tryck"
"191754402-668885",1,"Lipbalm Glossy läppbalsam"
"284693486-639430",1,"SCARLETT. ABS Lypsyl"
"555002574-1608388",1,"PP-ask läppbalsam Kimberly"
"110005378-223861",1,"Isskrapa med Handske"
"187042492-428991",1,"Färgad Isskrapa med tryck"
"187051788-428996",1,"Transpararent isskrapa med tryck"
"140919226-662649",1,"Isskrapa med logo"
"140920388-662652",1,"Isskrapa med Handtag"
"140918064-662647",1,"Trekantig isskrapa"
"140916902-662643",1,"Isskrapa med mjukt handtag"
"141091202-663072",1,"Isskrapa Flipper"
"191769508-669039",1,"Stor isskrapa med tryck"
"137821334-947700",1,"Isskrapa i plast med handtag"
"24002272-42588",1,"Profilerbar kyl med egen design"
"109936820-223716",1,"Nyckelband med avtagbart spänne"
"164650752-376060",1,"Logoband säkerhetsspänne med tryck"
"153356112-349692",1,"Billigt Nyckelband med tryck"
"152940116-348685",1,"Logoband med metallkrok"
"177257290-416694",1,"Wide Lany - Logoband med metallkrok 25 mm"
"205743720-479094",1,"Zip Lanyard - Logoband med Jojohållare"
"442582560-943873",1,"Lannycot - Logoband bomull 20 mm"
"442580236-943853",1,"Fiesta - RPET festival armband"
"527439934-1483761",1,"Pulric - Korthållare jojo"
"109897312-223613",1,"Regnponcho i påse med tryck"
"152154604-347151",1,"Sprinkle - Engångs regnponcho"
"152582220-347980",1,"Nimbus - Regnponcho i rund behållare"
"141734950-310560",1,"Regnponcho med tryck"
"138583606-948502",1,"Regnponcho i plastboll med tryck"
"191530136-821708",1,"Clear regnponcho"
"140855316-662416",1,"Regnponcho i boll med tryck"
"175680456-403602",1,"Aegis poncho nyckelring"
"175683942-403614",1,"Stormy poncho"
"139555038-717507",1,"Sadelskydd reflex med tryck"
"371448406-782969",1,"Läppbalsam"
"371298508-782908",1,"Läppbalsam spf20"
"291558582-603561",1,"Liplox Läppbalsam"
"531365170-1512121",1,"Tublox Läppbalsam"
"531488342-1512409",1,"Labicor Läppbalsam"
"531361684-1512107",1,"Lippa Läppbalsam"
"140922712-662659",1,"Isskrapa med handske och tryck"
"192345860-670789",1,"Isskrapa med fodrad handske"
"387449146-925933",1,"Plastic Bank Recycled Ice Scraper isskrapa"
"488600084-1146428",1,"Oslo Ice Scraper"
"499422952-1215266",1,"Isskrapa Bambu & R-PP"
"530465782-1499757",1,"Mini isskrapa "Cold nights""
"175202874-402077",1,"Plastisskrapa med Handtag"
"181607818-720703",1,"Logoband Screentryckta"
"205606604-671150",1,"Lanyard Safety  RPET 2 cm nyckelband"
"137626118-947445",1,"Nyckelband med nyckelhållare"
"141450260-664371",1,"Nyckelband Flätat med tryck"
"192338888-670778",1,"KeyCord 2 cm nyckelband"
"192532942-671106",1,"KeyCord Budget 2 cm nyckelband"
"192333078-670758",1,"KeyCordSafety 2,4 cm nyckelband"
"192530618-671093",1,"KeyCord Budget Safety 2 cm nyckelband"
"182947604-879211",1,"Logoband i bomull"
"182945280-879204",1,"Logoband Bambu"
"451067484-963854",1,"75090. Lanyard Tube Short Set. Standard modeller"
"451070970-963923",1,"75093. Lanyard Tube Long Set I. Standard modeller"
"353740688-763295",1,"DomeBadge Magnetiskt Badge"
"153239912-349441",1,"Festivalarmband med eget tryck"
"138905480-716657",1,"Festivalband PVC med tryck"
"535146318-1517521",1,"Vital 50 cl"
"535153290-1517534",1,"Flexi 33 cl"
"535152128-1517532",1,"Flexi 50 cl"
"535149804-1517529",1,"Mini 33 cl"
"535148642-1517525",1,"Clear 50 cl"
"535147480-1517523",1,"Junior 30 cl"
"535154452-1517536",1,"Rapid 50 cl"
"195422836-639105",1,"NICOLAUS. Korthållare med smartphone hållare"
"181606656-720706",1,"Logoband (Lagervara)"
"182944118-879201",1,"Logoband PET"
"283920756-1223597",1,"BIC® 4 Colours Glacé with Lanyard"
"448920108-958692",1,"Festival - Festivalband"
"109946116-223733",1,"Logoband med tryck"
"157478888-358489",1,"Nyckelband med praktisk krok"
"109936820-223718",1,"Nyckelband med avtagbart spänne"
"164650752-376059",1,"Logoband säkerhetsspänne med tryck"
"152940116-348688",1,"Logoband med metallkrok"
"442580236-943857",1,"Fiesta - RPET festival armband"
"23999948-461559",1,"Julmust med egen etikett"
"378292586-1223655",1,"BIC® 4 Colours Soft with Lanyard"
"378293748-1223659",1,"BIC® 4 Colours Wood Style with Lanyard"
"451068646-963875",1,"75091. Lanyard Nautic Long Set. Standard modeller"
"451069808-963884",1,"75092. Lanyard Nautic Short Set. Standard modeller"
"451066322-963801",1,"75089. Lanyard Tube Long Set II. Standard modeller"
"500207302-1220087",1,"Lanyard Tube Long Set I. Standard modeller"
"500204978-1220053",1,"Lanyard Tube Long Set II. Standard modeller"
"488035352-1142859",1,"Passerkortshållare Exklusiv"
"475753012-1080141",1,"Passerkortshållare (pull reel)"
"553892864-1619403",1,"Lanyard NAUTIC Long Set I. Standard modeller"
"553890540-1619385",1,"Lanyard NAUTIC Long Set II. Standard modeller"
"553891702-1619396",1,"Lanyard NAUTIC Short Set. Standard modeller"
"181607818-720697",1,"Logoband Screentryckta"
"205606604-798909",1,"Lanyard Safety  RPET 2 cm nyckelband"
"137626118-947444",1,"Nyckelband med nyckelhållare"
"192338888-670772",1,"KeyCord 2 cm nyckelband"
"192532942-674944",1,"KeyCord Budget 2 cm nyckelband"
"192333078-670763",1,"KeyCordSafety 2,4 cm nyckelband"
"192530618-671096",1,"KeyCord Budget Safety 2 cm nyckelband"
"182947604-879212",1,"Logoband i bomull"
"451067484-963852",1,"75090. Lanyard Tube Short Set. Standard modeller"
"182946442-879208",1,"Logoband Majs"
"195422836-639100",1,"NICOLAUS. Korthållare med smartphone hållare"
"174331374-399786",1,"Event nyckelband"
"174333698-399805",1,"Ballek"
"174334860-399808",1,"Bahhol Badgehållare"
"257962838-547669",1,"Devent nyckelband"
"451070970-963896",1,"75093. Lanyard Tube Long Set I. Standard modeller"
"181606656-720707",1,"Logoband (Lagervara)"
"284330942-636756",1,"YEATS. Utdragbar brick hållare"
"283920756-1223601",1,"BIC® 4 Colours Glacé with Lanyard"
"448920108-958688",1,"Festival - Festivalband"
"535146318-1517519",1,"Vital 50 cl"
"535153290-1517535",1,"Flexi 33 cl"
"535149804-1517528",1,"Mini 33 cl"
"448606368-958160",1,"Larpet nyckelband"
"435228262-949922",1,"Nyckelring i metall,  i metall, Lionel"
"524110804-1438511",1,"Nyckelring med flasköppnare"
"111018642-226354",1,"Serenity öronproppar i etui"
"378292586-1223652",1,"BIC® 4 Colours Soft with Lanyard"
"378293748-1223658",1,"BIC® 4 Colours Wood Style with Lanyard"
"451068646-963868",1,"75091. Lanyard Nautic Long Set. Standard modeller"
"451069808-963886",1,"75092. Lanyard Nautic Short Set. Standard modeller"
"451066322-963816",1,"75089. Lanyard Tube Long Set II. Standard modeller"
"557261502-1613364",1,"Nyckelband R-PET"
"500207302-1220076",1,"Lanyard Tube Long Set I. Standard modeller"
"500206140-1220060",1,"Lanyard Tube Short Set. Standard modeller"
"488035352-1142855",1,"Passerkortshållare Exklusiv"
"553892864-1619409",1,"Lanyard NAUTIC Long Set I. Standard modeller"
"553890540-1619379",1,"Lanyard NAUTIC Long Set II. Standard modeller"
"553891702-1619390",1,"Lanyard NAUTIC Short Set. Standard modeller"
"153113254-349145",1,"Paper Large - Papperspåse stor 150 gr/m²"
"553236334-1600731",1,"Revent RPET nyckelband"
"448635418-958220",1,"Subiner YoYo RPET Nyckelring"
"553098056-1600378",1,"Revent Call RPET nyckelband för mobilhållare"
"500845240-1225674",1,"Refek RPET nyckelring"
"553237496-1600740",1,"Corphon RPET nyckelband för mobilhållare"
"568818754-1661516",1,"Kapsylöppnare i Aluminium med nyckelring"
"568815268-1661502",1,"Kapsylöppnare i Aluminium med nyckelring"
"568817592-1661515",1,"Kapsylöppnare i Aluminium med nyckelring"
"568819916-1661526",1,"Kapsylöppnare design likt en kanna"
"568822240-1661536",1,"Kapsylöppnare i Aluminium med nyckelring"
"174331374-399784",1,"Event nyckelband"
"174325564-399762",1,"Savent nyckelband"
"174334860-399806",1,"Bahhol Badgehållare"
"257962838-547670",1,"Devent nyckelband"
"448606368-958158",1,"Larpet nyckelband"
"376798254-1129227",1,"Restry M produktpåse"
"553236334-1600734",1,"Revent RPET nyckelband"
"448635418-958217",1,"Subiner YoYo RPET Nyckelring"
"553232848-1600694",1,"Revent Plus RPET nyckelband"
"553098056-1600374",1,"Revent Call RPET nyckelband för mobilhållare"
"553237496-1600738",1,"Corphon RPET nyckelband för mobilhållare"
"205190608-477768",1,"Seabeck Polo Men"
"205191770-477773",1,"Seabeck Polo Women"
"446318390-1616729",1,"Cray drycool polo"
"446263776-1616708",1,"Cray drycool polo"
"554146180-1604520",1,"Puma funktions piké"
"446264938-954272",1,"Cray sleeveless"
"446253318-954235",1,"Lytham softshell vest"
"446320714-954423",1,"Loop t-shirt"
"139380738-717256",1,"Korthållare silikon med putsduk"
"414043840-883087",1,"Hako - Presentkortslåda"
"511649516-1323100",1,"Gift Bag Recycled S"
"512367632-1331143",1,"Gift Bag Recycled L"
"379662584-802237",1,"Bill - Bomullspåse - 110 g/m²"
"461449954-991480",1,"Presentband"
"461455764-991494",1,"Presentband"
"418885894-892111",1,"GIBRALTAR. Återvunnen presentväska av bomull (70%), polyester (30% rPET) (140 g/m²)"
"446513606-1693754",1,"Skräddarsydda presentförpackning för muggar"
"446511282-955098",1,"Skräddarsydda presentförpackning för små flaskor"
"446512444-1693753",1,"Skräddarsydda presentförpackning för medium flaskor"
"376799416-793563",1,"Restry L produktpåse"
"378292586-1223654",1,"BIC® 4 Colours Soft with Lanyard"
"477436750-1087807",1,"SuboGift L presentpåse med tryck, stor"
"477433264-1087796",1,"SuboGift M presentpåse med tryck, medium"
"109897312-223610",1,"Regnponcho i påse med tryck"
"152370736-347561",1,"Blado - Regnkappa med kapuchong"
"152153442-347146",1,"Regal - Regnponcho"
"138583606-948503",1,"Regnponcho i plastboll med tryck"
"138592902-948506",1,"Billig regnponcho med tryck"
"191530136-946335",1,"Clear regnponcho"
"499591442-1215659",1,"Vallen - Regnponcho"
"140855316-662417",1,"Regnponcho i boll med tryck"
"175680456-403599",1,"Aegis poncho nyckelring"
"175683942-403615",1,"Stormy poncho"
"140839048-662372",1,"Handgel med tryck"
"109964708-223795",1,"Billigt cerat med tryck"
"495512822-1194517",1,"Adony läppbalsam"
"548379174-1578774",1,"Ero läppbalsam"
"568613080-1660947",1,"Eden läppbalsam med vanilj"
"152195274-347254",1,"Gloss - Läppbalsam"
"153727952-350520",1,"Uv Gloss - Läppcerat/balsam med UV skydd"
"153690768-350460",1,"Uv Soft - Runt läpp cerat med UV skydd"
"153691930-350464",1,"Duo Mirror - läppcerat med spegel"
"442699922-944053",1,"Balm - Veganskt läppbalsam i burk"
"549743362-1586411",1,"Ezra - Veganskt läppbalsam"
"52732722-83783",1,"Lippo cerat med tryck"
"138596388-948514",1,"Cerat med solskyddsfaktor"
"140864612-662455",1,"Läppbalsam med tryck"
"195507662-639410",1,"JOLIE. Lypsyl i PS och PP"
"191754402-668886",1,"Lipbalm Glossy läppbalsam"
"555002574-1608390",1,"PP-ask läppbalsam Kimberly"
"140839048-662369",1,"Handgel med tryck"
"371448406-782976",1,"Läppbalsam"
"371298508-782812",1,"Läppbalsam spf20"
"291558582-1114252",1,"Liplox Läppbalsam"
"531488342-1512407",1,"Labicor Läppbalsam"
"531365170-1512120",1,"Tublox Läppbalsam"
"531361684-1512111",1,"Lippa Läppbalsam"
"109931010-223703",1,"Antistressboll med tryck"
"137587772-947359",1,"Billig Stressboll med tryck"
"137586610-947354",1,"Jonglerboll med logo"
"139069322-716704",1,"Sytt Sadelskydd med tryck"
"139555038-717500",1,"Sadelskydd reflex med tryck"
"139075132-716770",1,"Sadelskydd PU med tryck"
"139072808-716745",1,"Sadelskydd Nylon med tryck"
"339434144-731732",1,"Women´s Polo"
"495939276-1198181",1,"Identifieringsväst "Leipzig""
"496025264-1198555",1,"Hi-Vis Vändbar Softshell Bodywarmer "Elbrus""
"585082106-1766647",1,"WV84 - LIGHT FLEECE VEST"
"585079782-1766643",1,"FV84 - LIGHT FLEECE VEST"
"495939276-1198185",1,"Identifieringsväst "Leipzig""
"496039208-1198580",1,"Promo Specialväst "Sylt""
"blockomslag",1,"Blockomslag PP A6, svart"
"fotoalbum-och-tillbehor",1,"Fotohörn 250/fp"
"sittbollar",1,"Sittboll JOBOUT Ø65"
"visitkortsetiketter",1,"Visitkort AVERY laser 85x54 satin 250/fp"
"plastregister-instick",1,"Instick ELBA till hängmapp 80st/fp"
"kosystem-och-biljetter",1,"Könummerlapp Nemo-Q 53,7x76,2mm"
"ovriga-butiksmaterial",1,"Kassalåda SAFESCAN LD-4141"
"textilband",1,"Korthållare CardKeep Excellent 10/fp"
"487562418-1137517",1,"Merch Set Happy Cheers gåvoset"
"499461298-1215377",1,"Underlägg och kapsylöppnare i bambu"
"474728128-1069644",1,"Presentkartong"
"586325446-1775273",1,"Bagageetikett, Bagagetag, i återvunnen PU, Isen"
"506972466-1305591",1,"T-shirt SXT 4 Dallas (120 g) Dam EU"
"474857110-1071386",1,"MJUK MORGONROCK I VELOUR"
"333835628-1126314",1,"Mockatofflor från Ylleverket"
"506980600-1305596",1,"T-shirt SXT 4 Dallas (120 g) Herr EU"
"506970142-1305589",1,"T-shirt SXT 2 (135 g) Herr EU"
"554904966-1608236",1,"ABS isskrapa Doug"
"500841754-1225670",1,"SuboRing RPET-nyckelring med tryck"
"553000448-1600206",1,"BBQlight kökständare"
"258508978-549849",1,"All day Sverige T-Shirt"
"cyklar",1,"Företagscykel Egen Design"
"531445348-1512280",1,"MagBadge Square nålknapp kylskåpsmagnet"
"501122958-1226227",1,"Jakarta bagagetagg"
"496184458-1199985",1,"Bagagetag i kork Makai"
"476545496-1084238",1,"Adressbricka av bambu Shawn"
"570682602-1672802",1,"Flasköppnare av kork Ophelie"
"530706316-1500671",1,"Logoband i bomull med dragsko Lucia"
"501125282-1226230",1,"Luton Bagagetag"
"464551332-998075",1,"Magnet, pappersmagnet 0,8 mm tjock"
"506958522-1272937",1,"Poncho Delux EU"
"552999286-1600205",1,"Gasolight bensintändare"
"468116348-1092711",1,"CreaSleeve Kraft 563"
"468115186-1092710",1,"CreaSleeve 563"
"506959684-1272938",1,"Poncho Classic EU"
"583136918-1758024",1,"Moomin Rooibos Red Berries Tin Refil"
"583140404-1758027",1,"Moomin Papa Grey Tin Refil"
"583139242-1758026",1,"Moomin Mama Quince Tin Refil"
"471608158-1051152",1,"Bao Medium - Presentpapperspåse medium"
"464550170-998074",1,"Magnet, pappersmagnet 2,0 mm tjock"
"500928904-1225864",1,"Subyard Mobile Safe RPET mobilhållare nyckelband med tryck"
"583138080-1758025",1,"Moomin Little My Lemon Tin Refil"
"475979602-1081301",1,"Glögg norrsken"
"583164806-1758048",1,"Oeno Motion Black"
"476530390-1084204",1,"Ishink av järn och aluminium Corey"
"422827398-901312",1,"CreaBox PB-376"
"583141566-1758028",1,"Adventskalender Moomin"
"527373700-1483640",1,"Notle - Kapsylöppnare Julmotiv"
"583142728-1758029",1,"Adventskalender Teministeriet Signature"
"477634290-1088169",1,"CreaFelt Tag RPET-bagagetagg med tryck"
"527432962-1483735",1,"Wool - 3 i 1 kapsylöppnare i bambu."
"496115900-1198728",1,"270 Green Island Rose - Tin"
"496114738-1198727",1,"262 Green Northern Berries - Tin"
"549960656-1589993",1,"Kapsylöppnare le Brasseur"
"496119386-1198731",1,"730 Rooibos Coconut Ginger - Tin"
"448724892-958364",1,"Scrawy isskrapa"
"496118224-1198730",1,"580 Black Earl Grey Organic - Tin"
"558594316-1616722",1,"Jr Grove hybrid vest"
"115858372-238697",1,"Logoband Invävd logo"
"115861858-238700",1,"Sverigelogoband"
"115894394-238734",1,"Logobandstillbehör Flasköppnare"
"115910662-238748",1,"Logoband kork med tryck"
"115897880-238737",1,"Logobandstillbehör Mountain hook"
"115909500-238747",1,"Logoband Runt med tryck"
"115902528-238741",1,"Mobilsnöre till Nyckelband"
"115895556-238735",1,"Logobandstillbehör Kraftig karbinhake"
"115867668-238710",1,"Logoband Express"
"115903690-238742",1,"Avtagbart Mobilsnöre till Nyckelband"
"115908338-238746",1,"Logobandstillbehör Reflexband"
"527448068-1483786",1,"Icehand - Isskrapa med handske"
"496117062-1198729",1,"535 Stockholm Breakfast - Tin"
"496108928-1198722",1,"Moomin Rooibos Red Berries Tin"
"496111252-1198724",1,"Moomin Mama Quince Tin"
"496110090-1198723",1,"Moomin Little My Lemon Tin"
"496112414-1198725",1,"Moomin Papa Grey Tin"
"476538524-1084224",1,"Magnet av bambu med kapsylöppare Ace"
"115892070-238732",1,"Tubvävt Logoband i egen färg"
"115907176-238745",1,"Logobandstillbehör Jojo"
"165209674-377844",1,"Bagagetag 3D med logo"
"115901366-238740",1,"Logobandstillbehör Plastficka Stor stående"
"115896718-238736",1,"Logobandstillbehör Extra soft band"
"165208512-377843",1,"Bagagebricka 3D med logo"
"115889746-238730",1,"Logoband i egen färg med tryck"
"493665242-1185877",1,"Ball - Läppbalsam fotboll"
"493703588-1185936",1,"Blancos - Sneakers i PU storlek 47"
"471544248-1051080",1,"Bossa Small - Presentpåse, 23 cm hög"
"416916304-888269",1,"soluppgång Mousserande Cider"
"496107766-1198721",1,"Moomin Rooibos Cranberry Tin"
"185667846-890625",1,"Vepa till Kyltunna TK65"
"185665522-553908",1,"Profilerad PET-flaska 33cl"
"477598268-1088103",1,"Subyard Mobile RPET RPET mobilhållare nyckelband med tryck"
"448337946-957681",1,"CreaBox Pillow Lock M kuddbox"
"448342594-957688",1,"CreaBox HexaCord S sexkantig presentförpackning"
"435376998-950156",1,"Kyparkniv i bambu Lenny"
"495012000-1191368",1,"THC RUN WH. Sportstrumpa"
"549686424-1586292",1,"Buper - Kapsylöppnare i bambu"
"471546572-1051082",1,"Bossa Large - Presentpåse, 36 cm hög"
"471609320-1051153",1,"Bao Large - Presentpapperspåse stor"
"435213156-949893",1,"Flasköppnare, av trä, Travis"
"165690742-1633332",1,"Påskmust med egen etikett"
"493702426-1185935",1,"Blancos - Sneakers i PU storlek 46"
"493667566-1185879",1,"Golf - Läppbalsam golfboll"
"448588938-958138",1,"Avelox Läppbalsam"
"422784404-957656",1,"CreaBox EF-360"
"448671440-958282",1,"CreaBox Specialtillverkat Penfodral"
"422891308-957666",1,"CreaSleeve 519"
"437366342-950507",1,"Flasköppnare i bambu Sherry"
"448672602-958283",1,"CreaBox Pillow Pennask"
"423058636-957679",1,"CreaSleeve 517"
"422890146-957665",1,"CreaSleeve Kraft 518"
"423038882-957674",1,"CreaBox PB-426"
"423034234-957670",1,"CreaBox PB-422"
"448340270-957686",1,"CreaBox Pillow Lock S kuddbox"
"423059798-957680",1,"CreaSleeve Kraft 517"
"448341432-957687",1,"CreaBox HexaCord M sexkantig presentförpackning"
"422897118-957669",1,"CreaSleeve Kraft 520"
"435546650-950513",1,"Morgonrock fleece (210 gr/m²) Derek"
"181613628-879078",1,"Logoband Dubbelvävt"
"181614790-879079",1,"Logoband Linking"
"195674990-639796",1,"EMIL. Aluminiumidentifierare"
"saker-i-bilen",1,"Lustre - 3 i 1 nödhammar"
"472990938-1057572",1,"Blancos - Sneakers i PU stl 37"
"422780918-957655",1,"CreaBox PB-366"
"422796024-957660",1,"CreaBox PB-368"
"423057474-957678",1,"CreaSleeve Kraft 516"
"422786728-957657",1,"CreaBox PB-367"
"422804158-957663",1,"CreaBox PB-371"
"423035396-957671",1,"CreaBox PB-423"
"423037720-957673",1,"CreaBox PB-425"
"486421334-1132695",1,"X200 Low Shoe"
"583709784-1761242",1,"Classic LT Shoe"
"583710946-1761243",1,"Classic LT Shoe"
"554098538-1604451",1,"T3110 Shoe w"
"554113644-1604465",1,"R1300 Shoe w"
"554097376-1604450",1,"SL100 Suede Shoe"
"554096214-1604449",1,"SL110 Shoe"
"486635142-1133324",1,"SL100 Shoe w"
"486428306-1132702",1,"X600 Shoe"
"486424820-1132698",1,"T305 Shoe w"
"138862486-716643",1,"Logoband God Jul"
"586222028-1774500",1,"Morgonrock"
"423056312-957677",1,"CreaSleeve 516"
"422888984-957664",1,"CreaSleeve 518"
"423048178-909047",1,"CreaSleeve Kraft 512"
"423052826-909051",1,"CreaSleeve Kraft 514"
"423040044-957675",1,"CreaBox EF-409"
"422845990-901328",1,"CreaSleeve 437"
"422893632-957667",1,"CreaSleeve Kraft 519"
"422771622-957652",1,"CreaBox PB-363"
"422798348-957661",1,"CreaBox PB-369"
"422873878-901349",1,"CreaSleeve Kraft 493"
"423053988-909052",1,"CreaSleeve 515"
"422935464-901396",1,"CreaSleeve Kraft 483"
"422837856-901321",1,"Crea Sleeve Kraftpapper 433"
"138855514-716637",1,"Logoband Reflex med tryck"
"138859000-716640",1,"Logoband Svensk fotboll"
"138867134-716647",1,"Logoband Danmark"
"138865972-716646",1,"Logoband Norge"
"138510400-948329",1,"Antistress fotboll med tryck"
"284633062-639016",1,"HOLZ. Flaska öppnare av metall och trä"
"447158516-956140",1,"THC FAIR WH. T-shirt i 100% bomull. vit färg"
"472994424-1057575",1,"Blancos - Sneakers i PU stl 40"
"461453440-991487",1,"Presentband"
"461454602-991488",1,"Presentband"
"461452278-991486",1,"Presentband"
"447170136-956170",1,"THC FAIR SMALL WH. T-shirt i bomull för barn"
"447155030-956129",1,"THC MOVE KIDS WH. T-shirt för barn"
"375995312-843278",1,"THC MONACO WOMEN WH. Kortärmad pikétröja för kvinnor i kardad bomull"
"447159678-956141",1,"FAIR 3XL WH. T-shirt i 100 % bomull"
"376002284-843307",1,"THC BERLIN WH 3XL. Herr pikétröja"
"422911062-901375",1,"CreaSleeve 472"
"422892470-901362",1,"CreaSleeve Kraft 445"
"422844828-901327",1,"CreaSleeve Kraft 436"
"422777432-957654",1,"CreaBox PB-365"
"423045854-909045",1,"CreaSleeve Kraft 511"
"423036558-957672",1,"CreaBox PB-424"
"423008670-901459",1,"CreaSleeve Kraft 509"
"422912224-901376",1,"CreaSleeve Kraft 472"
"422764650-901270",1,"CreaBox PB-360"
"422776270-901278",1,"CreaSleeve 452"
"422927330-901389",1,"CreaSleeve 480"
"422900604-901366",1,"CreaSleeve Kraft 447"
"422984268-901438",1,"CreaSleeve 498"
"422884336-901358",1,"CreaSleeve Kraft 443"
"422850638-901332",1,"CreaSleeve 439"
"422820426-901306",1,"CreaSleeve 465"
"422921520-901384",1,"CreaSleeve Kraft 476"
"423015642-909026",1,"CreaBox PB-417"
"422930816-901392",1,"CreaSleeve Kraft 481"
"422976134-901431",1,"CreaSleeve Kraft 494"
"422914548-901378",1,"CreaSleeve Kraft 473"
"422985430-901439",1,"CreaSleeve Kraft 498"
"422849476-901331",1,"CreaSleeve Kraft 438"
"181615952-879080",1,"Logoband HD-vävt"
"138869458-878586",1,"Logoband Sverige (Lagervara)"
"472997910-1057578",1,"Blancos - Skor i PU stl 43"
"61624346-98585",1,"Applådstavar Tryckta 2-pack - Standard"
"447152706-956119",1,"THC MOVE WH. Teknisk kortärmad tröja"
"375997636-843290",1,"THC BERLIN WOMEN WH. Kortärmad pikétröja för kvinnor"
"422928492-901390",1,"CreaSleeve Kraft 480"
"422836694-901320",1,"Crea Sleeve 433"
"423044692-909044",1,"CreaSleeve 511"
"422847152-901329",1,"CreaSleeve Kraft 437"
"448605206-958152",1,"Strico nyckelband"
"422944760-901404",1,"CreaSleeve Kraft 487"
"423047016-909046",1,"CreaSleeve 512"
"423001698-901453",1,"CreaSleeve Kraft 506"
"422870392-901346",1,"CreaSleeve 492"
"422916872-901380",1,"CreaSleeve Kraft 474"
"422981944-901436",1,"CreaSleeve 497"
"422887822-901361",1,"CreaSleeve 445"
"422843666-901326",1,"CreaSleeve 436"
"423055150-909053",1,"CreaSleeve Kraft 515"
"422937788-901398",1,"CreaSleeve Kraft 484"
"422934302-901395",1,"CreaSleeve 483"
"423005184-901456",1,"CreaSleeve 508"
"422929654-901391",1,"CreaSleeve 481"
"422802996-901292",1,"CreaSleeve 459"
"423049340-909048",1,"CreaSleeve 513"
"422986592-901440",1,"CreaSleeve 500"
"422931978-901393",1,"CreaSleeve 482"
"422990078-901443",1,"CreaSleeve Kraft 501"
"422882012-901356",1,"CreaSleeve Kraft 442"
"423051664-909050",1,"CreaSleeve 514"
"501000948-1225990",1,"Wegix kapsylöppnare"
"422978458-901433",1,"CreaSleeve Kraft 495"
"422894794-901363",1,"CreaSleeve 446"
"442634850-943956",1,"Soft Lux - Lypsyl i rund bambuaskrin"
"442633688-943955",1,"Gloss Lux - Lypsyl i bamburör"
"59703560-96108",1,"Guldhatt"
"451011708-963733",1,"BOXIE WOOD L. Trälåda"
"422779756-901280",1,"CreaSleeve 453"
"422904090-901369",1,"CreaSleeve 449"
"422919196-901382",1,"CreaSleeve Kraft 475"
"422819264-901305",1,"CreaBox PB-373"
"422832046-901316",1,"CreaSleeve 468"
"422898280-901364",1,"CreaSleeve Kraft 446"
"422835532-901319",1,"CreaSleeve 469"
"422915710-901379",1,"CreaSleeve 474"
"422808806-901296",1,"CreaSleeve 461"
"422871554-901347",1,"CreaSleeve Kraft 492"
"422806482-901294",1,"CreaSleeve 460"
"422988916-901442",1,"CreaSleeve 501"
"422909900-901374",1,"CreaSleeve Kraft 471"
"422799510-901290",1,"CreaSleeve 458"
"422848314-901330",1,"CreaSleeve 438"
"422913386-901377",1,"CreaSleeve 473"
"422993564-901446",1,"CreaSleeve 503"
"422794862-901288",1,"CreaSleeve 457"
"422938950-901399",1,"CreaSleeve 485"
"422901766-901367",1,"CreaSleeve 448"
"423010994-909022",1,"CreaBox PB-413"
"422987754-901441",1,"CreaSleeve Kraft 500"
"423017966-909028",1,"CreaBox PB-419"
"422942436-901402",1,"CreaSleeve Kraft 486"
"448429744-957870",1,"Haneda bagagetagg"
"472992100-1057573",1,"Blancos - Sneakers i PU stl 38"
"473000234-1057580",1,"Blancos - Skor i PU stl 45"
"451072132-963929",1,"75096. Lanyard Cork Long Set. Standard modeller"
"451015194-963742",1,"BOXIE CLEAR L. Trälåda"
"422977296-901432",1,"CreaSleeve 495"
"422768136-901273",1,"CreaBox PB-362"
"423024938-909034",1,"CreaBox EF-350"
"422821588-901307",1,"CreaBox PB-374"
"422906414-901371",1,"CreaSleeve 470"
"422787890-901284",1,"CreaSleeve 455"
"423002860-901454",1,"CreaSleeve 507"
"423014480-909025",1,"CreaBox PB-416"
"422992402-901445",1,"CreaSleeve Kraft 502"
"423029586-909038",1,"CreaBox EF-356"
"423006346-901457",1,"CreaSleeve Kraft 508"
"423000536-901452",1,"CreaSleeve 506"
"422864582-901341",1,"CreaSleeve Kraft 488"
"423004022-901455",1,"CreaSleeve Kraft 507"
"422905252-901370",1,"CreaSleeve Kraft 469"
"422842504-901325",1,"CreaSleeve Kraft 435"
"423019128-909029",1,"CreaBox PB-420"
"423031910-909040",1,"CreaBox EF-358"
"422966838-901423",1,"CreaBox PB-395"
"422956380-901414",1,"CreaBox PB-386"
"448377454-957755",1,"Maderia kapsylöppnare"
"422790214-957658",1,"CreaBox EF-361"
"422955218-901413",1,"CreaBox PB-385"
"423042368-909042",1,"CreaSleeve 510"
"422782080-901281",1,"CreaSleeve Kraft 453"
"422839018-901322",1,"CreaSleeve 434"
"422933140-901394",1,"CreaSleeve Kraft 482"
"422772784-901276",1,"CreaSleeve 451"
"422854124-909019",1,"CreaBox EF-404"
"181617114-879083",1,"Logoband Vävt Monolayer"
"472993262-1057574",1,"Blancos - Sneakers i PU stl 39"
"472996748-1057577",1,"Blancos - Skor i PU stl 42"
"486679298-1133587",1,"Top Summer Socks"
"422923844-901386",1,"CreaSleeve Kraft 477"
"423043530-909043",1,"CreaSleeve Kraft 510"
"422769298-901274",1,"CreaSleeve 450"
"422908738-901373",1,"CreaSleeve 471"
"422775108-957653",1,"CreaBox PB-364"
"422997050-901449",1,"CreaSleeve Kraft 504"
"422979620-901434",1,"CreaSleeve 496"
"423023776-909033",1,"CreaBox EF-349"
"422883174-901357",1,"CreaSleeve 443"
"422825074-901310",1,"CreaSleeve 466"
"422922682-901385",1,"CreaSleeve 477"
"422815778-901302",1,"CreaBox PB-372"
"423027262-909036",1,"CreaBox EF-352"
"422999374-901451",1,"CreaSleeve Kraft 505"
"422792538-957659",1,"CreaBox EF-362"
"422907576-901372",1,"CreaSleeve Kraft 470"
"422980782-901435",1,"CreaSleeve Kraft 496"
"422791376-901286",1,"CreaSleeve 456"
"422869230-901345",1,"CreaSleeve Kraft 491"
"422840180-901323",1,"CreaSleeve Kraft 434"
"138863648-716644",1,"Nyckelband Glad Påsk"
"194537392-636550",1,"THC BERLIN WH. Kortärmad pikétröja för män. vit färg"
"376058060-791867",1,"BALLINA. Loggoband i 100% bomull med karbinhake i metall"
"194493236-636401",1,"THC ROME WH. Tvåfärgad bomullspikétröja för män. vit färg"
"194576900-636614",1,"THC DHAKA WH. Herr pikétröja"
"194486264-636357",1,"THC ADAM WH. Kortärmad bomullspikétröja för män. vit färg"
"194551336-636585",1,"THC MONACO WH. Kortärmad herrpikétröja i kardad bomull"
"194497884-636417",1,"THC BERN WH. Långärmad bomullspikétröja för män"
"310159878-653635",1,"THC BERN WH 3XL. Herr långärmad pikétröja"
"310157554-653609",1,"THC ADAM 3XL WH. Herr pikétröja"
"422793700-901287",1,"CreaSleeve Kraft 456"
"422983106-901437",1,"CreaSleeve Kraft 497"
"422918034-901381",1,"CreaSleeve 475"
"422902928-901368",1,"CreaSleeve Kraft 448"
"422936626-901397",1,"CreaSleeve 484"
"422823912-901309",1,"CreaBox PB-375"
"422797186-901289",1,"CreaSleeve Kraft 457"
"422943598-901403",1,"CreaSleeve 487"
"422878526-901353",1,"CreaSleeve 441"
"422785566-901283",1,"CreaSleeve Kraft 454"
"422973810-901429",1,"CreaBox EF-401"
"422811130-901298",1,"CreaSleeve 462"
"422828560-901313",1,"CreaSleeve 467"
"422926168-901388",1,"CreaSleeve Kraft 479"
"423020290-909030",1,"CreaBox PB-421"
"422877364-901352",1,"CreaSleeve Kraft 440"
"423016804-909027",1,"CreaBox PB-418"
"423021452-909031",1,"CreaBox EF-347"
"422866906-901343",1,"CreaSleeve Kraft 490"
"422880850-901355",1,"CreaSleeve 442"
"422868068-901344",1,"CreaSleeve 491"
"422969162-901425",1,"CreaBox EF-397"
"422834370-901318",1,"Crea Sleeve Kraftpapper 432"
"422863420-901340",1,"CreaSleeve 488"
"422783242-901282",1,"CreaSleeve 454"
"422862258-901339",1,"CreaBox PB-411"
"137543616-947293",1,"Antistress Tärning med tryck"
"138856676-716638",1,"Logoband Spöke"
"138861324-716642",1,"Logoband Kräftskiva"
"310155230-653595",1,"THC ANKARA 3XL WH. Herr t-shirt"
"194479292-636330",1,"THC BUCHAREST WH. Långärmad T-shirt i bomull för män"
"194463024-636279",1,"THC ANKARA WH. Herr t-shirt"
"194469996-636302",1,"THC ATHENS WH. Herr t-shirt"
"194490912-636383",1,"THC EVE WH. Kortärmad pikétröja för dam i kardad bomull"
"310150582-653548",1,"THC LUANDA WH 3XL. Herr t-shirt"
"194495560-636410",1,"THC ROME WOMEN WH. Tvåfärgad bomullspikétröja för kvinnor"
"422940112-901400",1,"CreaSleeve Kraft 485"
"422875040-901350",1,"CreaSleeve Kraft 439"
"422763488-901269",1,"CreaBox PB-359"
"423013318-909024",1,"CreaBox PB-415"
"423033072-909041",1,"CreaBox EF-359"
"422964514-901421",1,"CreaBox EF-393"
"422994726-901447",1,"CreaSleeve Kraft 503"
"422945922-901405",1,"CreaBox PB-377"
"422829722-901314",1,"CreaSleeve Kraft 467"
"422809968-901297",1,"CreaSleeve Kraft 461"
"422816940-901303",1,"CreaSleeve 464"
"422885498-901359",1,"CreaSleeve 444"
"422971486-901427",1,"CreaBox EF-399"
"422833208-901317",1,"CreaSleeve Kraft 468"
"422995888-901448",1,"CreaSleeve 504"
"422954056-901412",1,"CreaBox EF-384"
"422947084-901406",1,"CreaBox PB-378"
"422805320-901293",1,"CreaSleeve Kraft 459"
"423041206-957676",1,"CreaBox EF-410"
"422841342-901324",1,"CreaSleeve 435"
"422899442-901365",1,"CreaSleeve 447"
"442724324-944094",1,"Kara - Logoband i bomull"
"194476968-636323",1,"THC IBIZA WH. T-shirt i bomull med delad ärm för män"
"422961028-901418",1,"CreaBox PB-390"
"422765812-901271",1,"CreaBox PB-361"
"422941274-901401",1,"CreaSleeve 486"
"422959866-901417",1,"CreaBox PB-389"
"422859934-901337",1,"CreaBox PB-409"
"422950570-901409",1,"CreaBox PB-381"
"422951732-901410",1,"CreaBox PB-382"
"422778594-901279",1,"CreaSleeve Kraft 452"
"422822750-901308",1,"CreaSleeve Kraft 465"
"422789052-901285",1,"CreaSleeve Kraft 455"
"422770460-901275",1,"CreaSleeve Kraft 450"
"422812292-901299",1,"CreaSleeve Kraft 462"
"422972648-901428",1,"CreaBox EF-400"
"422813454-901300",1,"CreaSleeve 463"
"422949408-901408",1,"CreaBox PB-380"
"423012156-909023",1,"CreaBox PB-414"
"422851800-901333",1,"CreaBox EF-402"
"422762326-901268",1,"CreaBox PB-358"
"422758840-901265",1,"CreaBox PB-355"
"422814616-901301",1,"CreaSleeve Kraft 463"
"422766974-901272",1,"CreaSleeve Kraft 449"
"422925006-901387",1,"CreaSleeve 479"
"414011304-883044",1,"Amber Large - Stor påse i ekologisk bomull"
"414010142-883043",1,"Amber Medium - Medium påse i ekologisk bomull"
"138497618-949668",1,"Antistressfigur Hus med tryck"
"181619438-879085",1,"Logoband med tryckt satinband"
"194502532-636428",1,"THC BERN WOMEN WH. Långärmad pikétröja för kvinnor i kardad bomull"
"422957542-901415",1,"CreaBox PB-387"
"422886660-901360",1,"CreaSleeve Kraft 444"
"422958704-901416",1,"CreaBox PB-388"
"422858772-901336",1,"CreaBox EF-408"
"422952894-901411",1,"CreaBox PB-383"
"423030748-909039",1,"CreaBox EF-357"
"422761164-901267",1,"CreaBox PB-357"
"422773946-901277",1,"CreaSleeve Kraft 451"
"422965676-901422",1,"CreaBox PB-394"
"423007508-901458",1,"CreaSleeve 509"
"422861096-901338",1,"CreaBox PB-410"
"422818102-901304",1,"CreaSleeve Kraft 464"
"448376292-957754",1,"Algarve kapsylöppnare"
"415899554-885810",1,"Meaboo flasköppnare måttband"
"422970324-901426",1,"CreaBox EF-398"
"423022614-909032",1,"CreaBox EF-348"
"413942746-882952",1,"Canichie L - Toffelstrumpor L"
"422948246-901407",1,"CreaBox PB-379"
"422865744-901342",1,"CreaSleeve 490"
"422876202-901351",1,"CreaSleeve 440"
"422807644-901295",1,"CreaSleeve Kraft 460"
"423028424-909037",1,"CreaBox EF-355"
"422991240-901444",1,"CreaSleeve 502"
"422968000-901424",1,"CreaBox EF-396"
"422852962-909018",1,"CreaBox EF-403"
"376059222-791868",1,"HEATHROW. Loggoband i 100% bomull"
"138353530-948244",1,"Anti-stressfigur Läkare med logo"
"422801834-901291",1,"CreaSleeve Kraft 458"
"422962190-901419",1,"CreaBox EF-391"
"423026100-909035",1,"CreaBox EF-351"
"422826236-901311",1,"CreaSleeve Kraft 466"
"422760002-901266",1,"CreaBox PB-356"
"138343072-948240",1,"Nyckelring med anti-stress figur Earl"
"422856448-901334",1,"CreaBox EF-406"
"416006458-885971",1,"CreaBox Pillow Carry S kuddbox"
"416007620-885972",1,"CreaBox Pillow Carry M kuddbox"
"533443988-1510221",1,"Janni - Julstrumpor"
"532141386-1506022",1,"Gruvan - Bagagebricka"
"376861002-793643",1,"Roonito kapsylöppnare"
"195683124-639803",1,"SOLDEU. Isskrapa med skyddshandske"
"333756612-710939",1,"Scratchy - Isskrapa i bambu"
"195163710-638482",1,"WHITMAN. Vertikal märkeshållare i PVC"
"448918946-958684",1,"Vide- Nyckelband"
"strumpor",1,"Caro - Herrstrumpa Ferraghini"
"137544778-947295",1,"Antistress Tärning med logo"
"138836922-878584",1,"Logoband Rundvävt"
"316670564-675815",1,"SuboProduce Mesh Produktpåse"
"448921270-958693",1,"Nisa - Nyckelband"
"181618276-879084",1,"Logoband med vävd etikett"
"485492896-1128950",1,"MASCOT® FOOTWEAR ORIGINALS"
"485491734-1128949",1,"MASCOT® FOOTWEAR ORIGINALS"
"568616566-1660956",1,"Tie bagagebricka"
"138857838-716639",1,"Nyckelband Läder"
"138835760-879082",1,"Kort Logoband med tryck"
"kameralinser",1,"Kamerablixt för smartphone"
"379640506-802109",1,"Rami - Flasköppnare"
"562124472-1632297",1,"Track Walk Long Distance Shoe"
"562119824-1632293",1,"Easy Walk Weekend Shoe"
"562120986-1632294",1,"Easy Walk Weekend Shoe"
"562125634-1632298",1,"Track Walk Long Distance Shoe"
"562122148-1632295",1,"Easy Walk Weekend Shoe"
"562123310-1632296",1,"Track Walk Long Distance Shoe"
"375743158-790091",1,"Glovii uppvärmd universell väst. Svart"
"375729214-790079",1,"Glovii uppvärmda strumpor med fjärrkontroll L. Svart"
"514051370-1348361",1,"Glovii uppvärmd nackvärmare. Svart"
"514050208-1348360",1,"Glovii Power Bank 2500mAh för strumpor och tofflor"
"513911930-1348240",1,"Glovii uppvärmda strumpor med fjärrkontroll M. Röd"
"375751292-790098",1,"Glovii Power Bank för uppvärmda strumpor"
"472995586-1057576",1,"Blancos - Sneakers i PU stl 41"
"472999072-1057579",1,"Blancos - Skor i PU stl 44"
"423050502-909049",1,"CreaSleeve Kraft 513"
"422895956-957668",1,"CreaSleeve 520"
"422974972-901430",1,"CreaSleeve 494"
"422920358-901383",1,"CreaSleeve 476"
"422830884-901315",1,"Crea Sleeve 432"
"422998212-901450",1,"CreaSleeve 505"
"422879688-901354",1,"CreaSleeve Kraft 441"
"422872716-901348",1,"CreaSleeve 493"
"423009832-909021",1,"CreaBox PB-412"
"422800672-957662",1,"CreaBox PB-370"
"usb-pennor",1,"Usbnote - A5-anteckningsbok med USB"
"422963352-901420",1,"CreaBox EF-392"
"582871982-1754099",1,"Opinel Presentförpackning Large"
"582870820-1754098",1,"Opinel Presentförpackning Small"
"378310016-798832",1,"Presentask/fraktlåda"
"535171882-1517800",1,"Gift Pouch Naturel GRS Recycled Cotton (150 g/m²) L"
"467404042-1018400",1,"Presentkartong Mönstrad 34x32x9"
"467402880-1018399",1,"Presentkartong Mönstrad 49x33x11"
"467401718-1018398",1,"Presentkartong"
"446556600-955149",1,"Box väska 32x16x24cm"
"474728128-1069643",1,"Presentkartong"
"306001080-633514",1,"Linnepåse"
"174337184-399814",1,"Hissol Badgehållare"
"138834598-879081",1,"Flytande Logoband med tryck"
"192150644-670153",1,"LanyardBadge namnkortshållare"
"192327268-670743",1,"Transparent korthållare"
"535155614-1517538",1,"Exklusiv 33 cl"
"535159100-1517541",1,"Ice Coffe 25 cl"
"535150966-1517531",1,"Unik 43 cl"
"535160262-1533958",1,"Ingefärashot 65 ml"
"583135756-1758023",1,"Moomin Rooibos Cranberry Tin Refil"
"543846212-1554870",1,"Nyckelband 20 mm"
"477472772-1087876",1,"Shubo RABS isskrapa"
"448721406-958361",1,"CreaScrape Isskrapa med tryck"
"530466944-1499759",1,"Isskrapa "Arrival""
"481837244-1109825",1,"We Love The Planet Giftset Care"
"110006540-223862",1,"Isskrapa 5-i-1 Multifunktion"
"192145996-670145",1,"Loupe Creditcard förstoringsglas"
"192118108-670073",1,"Loupe Compact förstoringsglas"
"138228034-948174",1,"Förstoringsglas med tryck"
"552998124-1600204",1,"Longlight kökständare"
"514884524-1351637",1,"Eltändare"
"281317876-1223518",1,"BIC® J25 All Black tändare"
"378314664-798846",1,"FireLight tändare"
"138496456-948320",1,"Antistressboll Jorden med tryck"
"137547102-947302",1,"Antistressfigur Lastbil med tryck"
"500854536-1225685",1,"Bubly nyckelring med flasköppnare"
"506971304-1305590",1,"T-shirt SXT 3 Teardrop (135 g) Herr EU"
"506960846-1305584",1,"T-shirt SXT 2 (135 g) Dam EU"
"582796452-1751386",1,"Brabantia Tasty+ Flasköppnare"
"568804810-1661478",1,"Kapsylöppnare i Bambu och Metall"
"568789704-1661460",1,"Kapsylöppnare med utskuret handtag"
"568802486-1661476",1,"Kapsyl-och knivöppare i Bambu"
"568792028-1661462",1,"Kapsylöppnare Magnetisk i Trä"
"568788542-1661459",1,"Kapsylöppnare Bokträ"
"568794352-1661464",1,"Kapsylöppnare Bambu och Metall"
"521262742-1438500",1,"Nyckelring Flasköppnare"
"332348268-708603",1,"Amigo flasköppnare"
"205543856-668932",1,"Butler Bamboo servitörskniv"
"192350508-670794",1,"Carrera öppnare / nyckelring"
"311795974-684591",1,"Flasköppnare mekanisk (12) Mörkgrå"
"316730988-675890",1,"Washington"
"586287100-1775194",1,"Bagagebricka, Återvunnet PU, Kaia"
"534766344-1516355",1,"Bagagetagg Traveller"
"534764020-1516353",1,"Bagagetagg"
"137456466-947183",1,"Bagagebricka med gravyr"
"585087916-1766683",1,"LifeTag Dual Luggage Tag"
"495782406-1196382",1,"Klänning Ruby"
"333835628-1126318",1,"Mockatofflor från Ylleverket"
"568436456-1659847",1,"Flipflop"
"568442266-1659865",1,"Flipflop"
"568441104-1659864",1,"Flipflop"
"333835628-1126316",1,"Mockatofflor från Ylleverket"
"562100070-1632273",1,"Shoe Brush Wood Shoe Care"
"562102394-1632275",1,"Measuring Stick Inner Size Shoe Care"
"562110528-1632282",1,"Polish Sponge Shoe Care"
"562108204-1632280",1,"Shoecream Shoe Care"
"562104718-1632277",1,"Filtsula Insole"
"562107042-1632279",1,"Lammull sula Insole"
"562101232-1632274",1,"Shoe Brush Suede Shoe Care"
"562098908-1632272",1,"Yocoair Shoe Care"
"562105880-1632278",1,"Sportsula Insole"
"562111690-1632283",1,"Ouraline Saphir Shoe Care"
"584205958-1767816",1,"4-Pack Socks"
"421749062-898864",1,"Untitled Product"
"421179682-897566",1,"Löpar-/träningsstrumpa"
"564977182-1185332",1,"Slitstarke strumpor"
"139506234-717437",1,"Reflexknapp 3M med tryck"
"140403298-717023",1,"Knappar Kampanjknappar (25 mm Ø)"
"205606604-678665",1,"Lanyard Safety  RPET 2 cm nyckelband"
"387449146-925932",1,"Plastic Bank Recycled Ice Scraper isskrapa"
"441321790-941749",1,"Honestly Made Recycled Softshell B/W"
"291537666-603523",1,"Subiner RPET anpassad nyckelring"
"496682956-1204122",1,"Breda kortärmad T-shirt ekologisk bomull herr"
"powerbank-tradlosa",1,"Energizer 15W Magnetisk Trådlös Power Bank. Svart"
"496685280-1204152",1,"Breda kortärmad T-shirt ekologisk bomull dam"
"182944118-879203",1,"Logoband PET"
"379662584-802236",1,"Bill - Bomullspåse - 110 g/m²"
"379663746-802238",1,"Dino -  Bomullspåse -110 g/m²"
"319045692-681903",1,"Summer Ii - SUMMER II HERR Pique 170g"
"319048016-1186194",1,"Perfect Men - PERFECT HERR Poique 180g"
"319050340-681121",1,"Spring Ii - SPRING II HERR Pique 210g"
"319044530-681071",1,"Passion - PASSION DAM POLO PIQUE 170g"
"319013156-680936",1,"Regent Fit - REGENT F HERR T-SHIRT 150g"
"411652444-871079",1,"RPET Felt GRS Luggage Tag resbagagelapp"
"376799416-1129231",1,"Restry L produktpåse"
"376798254-793560",1,"Restry M produktpåse"
"319035234-1186088",1,"Planet Women - PLANET DAM Polo 170g"
"319043368-681068",1,"People - PEOPLE DAM POLO PIQUE 210g"
"319034072-1186075",1,"Planet Men - PLANET HERR Pique 170g"
"319049178-681114",1,"Perfect Women - PERFECT DAM POLO PIQUE 180g"
"333835628-1126313",1,"Mockatofflor från Ylleverket"
"52732722-83773",1,"Lippo cerat med tryck"
"141734950-310561",1,"Regnponcho med tryck"
"52719940-83750",1,"De Luxe Kapsylöppnare med tryck"
"52722264-83755",1,"Kapsylöppnare med nyckelring"
"437121160-935369",1,"Odyssey - ODYSSEY RPET t-shirt"
"205606604-671147",1,"Lanyard Safety  RPET 2 cm nyckelband"
"56741622-94709",1,"Billig Skoputs med tryck"
"52711806-966697",1,"Microfiberduk i ask med tryck"
"265536754-567281",1,"Neutral - Recycled Performance T-shirt"
"488600084-1146429",1,"Oslo Ice Scraper"
"486455032-1132729",1,"Charged Breeze Shoe"
"415520742-885094",1,"Unisex t-shirt 155 gsm"
"207740036-566654",1,"B&C #INSPIRE E150"
"524687156-1465228",1,"Vegan Pineapple Leather Luggage Tag"
"141450260-664370",1,"Nyckelband Flätat med tryck"
"140864612-662453",1,"Läppbalsam med tryck"
"305859316-633255",1,"Classic OC-T"
"196258314-1691167",1,"Basic-T Bio, herr"
"140883204-662518",1,"Tändare Polo med tryck"
"140937818-662712",1,"Elektronisk Tändare med Kapsylöppnare"
"140919226-662650",1,"Isskrapa med logo"
"140918064-662646",1,"Trekantig isskrapa"
"140920388-662654",1,"Isskrapa med Handtag"
"210119812-662598",1,"Tändare kapsylöppnare"
"140893662-662565",1,"Tändare med logo"
"561417976-1628836",1,"Seger Basic Cotton 5-pack"
"561416814-1628835",1,"Seger Basic Cotton Ribbed 3-pack"
"561419138-1628839",1,"Seger Basic Cotton low 5-pack"
"305860478-633272",1,"Classic OC-T Women"
"480569502-1104332",1,"Exclusive Business Vest"
"140916902-662642",1,"Isskrapa med mjukt handtag"
"140887852-662532",1,"Elektronisk Tändare med tryck"
"141115604-663106",1,"Handklappare"
"395735368-840013",1,"Sparock 220g"
"395728396-840000",1,"Frottérock 360g"
"313353054-662592",1,"Turbotändare"
"140934332-662707",1,"Tändare med fullfärgstryck"
"140865774-662460",1,"Cerat i boll med tryck"
"165178300-377919",1,"Klänning Lena"
"336100366-715913",1,"Printer PRIME - Prime T"
"336102690-715925",1,"Printer PRIME - Prime Polo"
"140921550-662656",1,"Isskrapa-Handske"
"140884366-662524",1,"Transparent Tändare med tryck"
"140882042-662512",1,"Tändare Cricket 90 med tryck"
"141165570-663224",1,"Rund Skoputs med tryck"
"140922712-662660",1,"Isskrapa med handske och tryck"
"210118650-662585",1,"Turbotändare Adventure"
"140859964-662430",1,"Stor Kylskåpsmagnet med tryck"
"140858802-662427",1,"Rektangulär Kylskåpsmagnet med tryck"
"378741118-799747",1,"Printer - Surf Pro L/s"
"147852880-338895",1,"Långt Skohorn med tryck"
"147744814-338602",1,"Skoputs med tryck"
"147747138-338605",1,"Putshorn med tryck"
"147854042-338900",1,"Extra Långt Skohorn med tryck"
"544276152-1557836",1,"Heavy Cotton? Adult T-Shirt"
"544271504-1557734",1,"Ultra Cotton? Adult T-Shirt"
"336103852-715929",1,"Printer PRIME - Prime Polo Lady"
"544280800-1557929",1,"Softstyle® Adult T- Shirt"
"324422266-700809",1,"Mens long sleeve Anthem t-shirt"
"336545412-723262",1,"Men´s Golden Organic T-Shirt"
"313350730-662567",1,"Tändare Torpedo metall"
"446440400-954769",1,"Kavaj Dam"
"486341156-1132617",1,"Sure Track Erath Work Shoe w"
"486344642-1132621",1,"Relaxed Fit Flex Advantage Bendon Work Shoe"
"486337670-1132613",1,"Max Cushioning Work Shoe w"
"486522428-1132910",1,"Bregman Shoe"
"486631656-1133310",1,"Max Cushioning Delta Shoe w"
"486346966-1568331",1,"Max Cushioning Delta Shoe"
"495703390-1232022",1,"Max cushioning Premier Slip In Shoe"
"554111320-1604462",1,"Max Cushioning Exciton Endeavour Slip ins Shoe"
"336546574-723268",1,"Women´s Golden Organic T-Shirt"
"446439238-954763",1,"Kavaj Herr"
"267914206-570152",1,"SEVEN SEAS polo shirt | dam"
"267922340-570158",1,"SEVEN SEAS T-shirt | o-neck"
"436422798-930089",1,"Men"s lightweight recycled padded bodywarmer"
"423449068-907980",1,"Eco-friendly Mens Oversize T-shirt"
"446434590-954750",1,"Klänning stretch"
"436423960-930091",1,"Ladies lightweight recycled padded bodywarmer"
"423445582-907968",1,"Unisex Faded T-shirt 165gsm"
"496675984-1204024",1,"Bahrain kortärmad funktions T-shirt för barn"
"496679470-1204090",1,"Beagle kortärmad T-shirt för herr"
"496736408-1204579",1,"Stafford kortärmad T-shirt för herr"
"496686442-1204172",1,"Capri kortärmad T-shirt för dam"
"496705034-1204327",1,"Imola kortärmad funktions T-shirt för herr"
"496680632-1204109",1,"Beagle kortärmad T-shirt för barn"
"496724788-1204504",1,"Oslo väst herr"
"496708520-1204384",1,"Jamaica kortärmad T-shirt för dam"
"496716654-1204451",1,"Monzha kortärmad funktionspikétröja för herr"
"496682956-1204120",1,"Breda kortärmad T-shirt ekologisk bomull herr"
"529654706-1493226",1,"Dogo Premium kortärmad T-shirt för herr"
"496707358-1204363",1,"Imola kortärmad funktions T-shirt för dam"
"496685280-1517972",1,"Breda kortärmad T-shirt ekologisk bomull dam"
"496725950-1204505",1,"Oslo väst dam"
"496721302-1204486",1,"Nevada unisex softshellväst"
"496718978-1204483",1,"Monzha kortärmad funktionspikétröja för dam"
"496692252-1204237",1,"Estrella långärmad pikétröja för herr"
"496673660-1203989",1,"Austral kortärmad unisex pikétröja"
"496693414-1204257",1,"Estrella långärmad pikétröja för dam"
"496696900-1204276",1,"Extreme långärmad T-shirt för herr"
"446439238-954765",1,"Kavaj Herr"
"339407418-731607",1,"Organic T-Shirt Round Neck"
"529696538-1495266",1,"True Polo"
"457047136-981596",1,"Printer RED - Smash"
"551116846-881952",1,"Diamond Badrock Herr"
"548698724-881955",1,"Diamond Badrock Herr"
"584944990-1066076",1,"Diamond Badrock Dam"
"529665164-1493277",1,"Pegaso Premium kortärmad piké för män"
"496746866-1518008",1,"Victoria kortärmad v-ringad T-shirt för dam"
"523872594-1457512",1,"Montmelo kortärmad unisex sportpolo"
"496681794-1517967",1,"Belice kortärmad T-shirt för dam"
"502841556-1242387",1,"Samoyedo kortärmad v-ringad T-shirt för herr"
"568667694-1661148",1,"Bull kortärmad oversize unisex T-shirt"
"544272666-1557768",1,"Ultra Cotton? Long Sleeve T-Shirt"
"457048298-981605",1,"Printer RED - Smash Lady"
"515229638-1355067",1,"Men"s Eco-Friendly Piqué Knit Polo Shirt"
"529653544-1493195",1,"Centauro Premium kortärmad unisexpolo"
"529667488-1493294",1,"Pegaso Premium kortärmad piké för dam"
"529657030-1493253",1,"Fox kortärmad T-shirt för herr"
"523869108-1457494",1,"Tamil kortärmad sportpolo för herr"
"529668650-1493298",1,"Reine lång damväst"
"523871432-1457505",1,"Tamil kortärmad sportpolo för dam"
"549018274-1661077",1,"Tormo kortärmad piké för herr"
"549019436-1661089",1,"Tormo kortärmad piké för dam"
"446436914-954755",1,"Väst stretch Herr"
"446438076-954759",1,"Väst stretch Dam"
"477236886-1153010",1,"Unisex t-shirt Made in Portugal"
"515231962-1355084",1,"Unisex Eco-Friendly Oversized French Terry T-shirt"
"515230800-1355074",1,"Ladies" Eco-Friendly Piqué Knit Polo Shirt"
"445858238-953828",1,"Stretch Piqué Lady"
"544301716-1558125",1,"DryBlend® Youth Polo"
"515233124-1355095",1,"Unisex Eco-Friendly Dropped Shoulders T-shirt"
"544290096-1558024",1,"Softstyle® Adult V-Neck T-Shirt"
"585607330-1769716",1,"Corgi kortärmad T-shirt för herr"
"585611978-1769744",1,"Cobain kortärmad unisex pikétröja"
"585608492-1769724",1,"Fiyi kortärmad t-shirt för dam"
"339449250-954566",1,"Women´s Star Poloshirt"
"336541926-723224",1,"Men´s Star Poloshirt"
"336523334-722998",1,"Men´s Bahrain T-Shirt"
"336534954-723145",1,"Men´s Dogo Premium T-Shirt"
"336532630-723133",1,"Atomic 150 T-Shirt"
"336526820-723060",1,"Men´s Montecarlo T-Shirt"
"336545412-723258",1,"Men´s Golden Organic T-Shirt"
"336546574-723269",1,"Women´s Golden Organic T-Shirt"
"544286610-1557988",1,"Softstyle® Adult Long Sleeve T-Shirt"
"544284286-1557979",1,"Softstyle® Adult Tank Top"
"477238048-1088237",1,"Unisex Long Sleeve T-shirt"
"554146180-1604521",1,"Puma funktions piké"
"490466256-1233699",1,"Pikétröja"
"336486150-722731",1,"Men´s Premium-T"
"339434144-731745",1,"Women´s Polo"
"339451574-731857",1,"Men´s Roundneck T-Shirt"
"336490798-722792",1,"Men´s Performance-T"
"316995924-676685",1,"Vespa RPET väst med kroppsvärmare"
"186195394-1077223",1,"Printer - Expedition Vest"
"162808982-368576",1,"Printer - Surf Light Rsx"
"186196556-426812",1,"Printer - Expedition Vest Lady"
"162818278-368585",1,"Printer - Surf Light Lady"
"415993676-885947",1,"Restry S presentpåse i bomull"
"395735368-840014",1,"Sparock 220g"
"395728396-839998",1,"Frottérock 360g"
"378741118-799742",1,"Printer - Surf Pro L/s"
"398704278-883984",1,"Printer - Surf Pro L/s Lady"
"512289778-1328811",1,"Printer - Heavier Pro L/s"
"545826260-1564597",1,"Printer - Shoelaces"
"512287454-1328787",1,"Printer - Heavier Pro"
"545825098-1564591",1,"Printer - Flex Sneakers"
"585243624-1768078",1,"Printer - Airwalk Vest"
"140855316-662414",1,"Regnponcho i boll med tryck"
"557261502-1613363",1,"Nyckelband R-PET"
"446513606-955100",1,"Skräddarsydda presentförpackning för muggar"
"187042492-428989",1,"Färgad Isskrapa med tryck"
"585242462-1768069",1,"Printer - Prime Softshell Vest Lady"
"585241300-1768065",1,"Printer - Prime Softshell Vest"
"585244786-1768082",1,"Printer - Airwalk Vest Lady"
"585238976-1768053",1,"Printer - Base Vest"
"585240138-1768056",1,"Printer - Base Vest Lady"
"109946116-223730",1,"Logoband med tryck"
"157478888-358490",1,"Nyckelband med praktisk krok"
"109936820-223717",1,"Nyckelband med avtagbart spänne"
"109897312-223611",1,"Regnponcho i påse med tryck"
"186973934-428929",1,"Billigt Kundvagnsmynt med tryck"
"187051788-428994",1,"Transpararent isskrapa med tryck"
"187192390-429115",1,"Skohorn 130 mm"
"187364366-429263",1,"Påsklämma med logo"
"187371338-429272",1,"Påsklämma med eget tryck"
"187355070-429262",1,"Påsklämma med tryck"
"187380634-429278",1,"Stor Påsklämma med tryck"
"446511282-1693752",1,"Skräddarsydda presentförpackning för små flaskor"
"140978488-662812",1,"Bagagebricka Flip-Flop med tryck"
"109964708-223794",1,"Billigt cerat med tryck"
"375129622-788500",1,"Schyn flasköppnare av halm"
"534248092-1513235",1,"Skohorn metall 58 cm"
"534246930-1616610",1,"Skohorn metall 31 cm"
"446512444-955099",1,"Skräddarsydda presentförpackning för medium flaskor"
"371448406-782997",1,"Läppbalsam"
"371298508-782847",1,"Läppbalsam spf20"
"174331374-399787",1,"Event nyckelband"
"174593986-400569",1,"Glasgow"
"174325564-399755",1,"Savent nyckelband"
"174333698-399803",1,"Ballek"
"174334860-399809",1,"Bahhol Badgehållare"
"109931010-223702",1,"Antistressboll med tryck"
"291537666-676108",1,"Subiner RPET anpassad nyckelring"
"291558582-1114250",1,"Liplox Läppbalsam"
"175680456-403604",1,"Aegis poncho nyckelring"
"257962838-547672",1,"Devent nyckelband"
"111592670-635266",1,"Hjärtformad stressboll med tryck"
"499422952-1215267",1,"Isskrapa Bambu & R-PP"
"258192914-1114258",1,"Peddas väst med kroppsvärmare"
"174588176-400545",1,"Denver"
"175202874-402074",1,"Plastisskrapa med Handtag"
"110922196-226114",1,"Discovery bagageetikett med tryck"
"175683942-403616",1,"Stormy poncho"
"111018642-226355",1,"Serenity öronproppar i etui"
"110005378-223859",1,"Isskrapa med Handske"
"557389322-1613653",1,"Flygbricka med nyckelring"
"196400078-797355",1,"MMV Luton Bagagebricka"
"319051502-681150",1,"Regent - REGENT Uni T-shirt 150g"
"319057312-1186223",1,"Imperial - T-Shirt IMPERIAL HERR 190g"
"164650752-376058",1,"Logoband säkerhetsspänne med tryck"
"153356112-349693",1,"Billigt Nyckelband med tryck"
"153239912-349445",1,"Festivalarmband med eget tryck"
"152195274-347255",1,"Gloss - Läppbalsam"
"319045692-681087",1,"Summer Ii - SUMMER II HERR Pique 170g"
"205667028-1586569",1,"Lany Rpet - Logoband i RPET/säkerhetsklips"
"152940116-348692",1,"Logoband med metallkrok"
"153208538-376037",1,"Silikonarmband med eget tryck"
"177257290-416696",1,"Wide Lany - Logoband med metallkrok 25 mm"
"152154604-347153",1,"Sprinkle - Engångs regnponcho"
"181607818-720704",1,"Logoband Screentryckta"
"138905480-716654",1,"Festivalband PVC med tryck"
"139069322-716708",1,"Sytt Sadelskydd med tryck"
"139555038-717499",1,"Sadelskydd reflex med tryck"
"139070484-716724",1,"Svetsat sadelskydd med tryck"
"139380738-717255",1,"Korthållare silikon med putsduk"
"137626118-947450",1,"Nyckelband med nyckelhållare"
"138583606-948498",1,"Regnponcho i plastboll med tryck"
"138596388-948518",1,"Cerat med solskyddsfaktor"
"353740688-763296",1,"DomeBadge Magnetiskt Badge"
"152779760-348350",1,"Werel - Ansiktsfärg röd/grön"
"152806486-348411",1,"Servitörskniv med logo"
"319048016-1186204",1,"Perfect Men - PERFECT HERR Poique 180g"
"319041044-922635",1,"Crusader Men - CRUSADER T-shirt för herrar"
"152582220-450432",1,"Nimbus - Regnponcho i rund behållare"
"137462276-947191",1,"Bagagebricka med tryck"
"137290300-946974",1,"Kapsylöppnare Nyckelring med tryck"
"139075132-716765",1,"Sadelskydd PU med tryck"
"138592902-948507",1,"Billig regnponcho med tryck"
"137283328-946950",1,"Fickspegel med logo"
"139072808-716744",1,"Sadelskydd Nylon med tryck"
"138598712-1199921",1,"Uppblåsbar badboll med tryck"
"164800650-376478",1,"Lips - Lypsyl"
"152370736-347558",1,"Blado - Regnkappa med kapuchong"
"152693772-348185",1,"Bypro - Sadelskydd"
"205743720-479092",1,"Zip Lanyard - Logoband med Jojohållare"
"164715824-376246",1,"Bagagebricka Aluminium med tryck"
"152342848-375954",1,"Blabby - Kapsylöppnare"
"153112092-349143",1,"Paper Medium - Papperspåse mellan 150 gr/m²"
"319050340-1186209",1,"Spring Ii - SPRING II HERR Pique 210g"
"319030586-681000",1,"Sprint - SPRINT UNISEX T-SHIRT 130G"
"319032910-681017",1,"Pioneer Men - PIONEER HERR T-shirt 175g"
"153041210-348922",1,"Bagagebricka i plast med tryck"
"557345166-1613529",1,"Platt metalliskt läppbalsam i hjärtform"
"139506234-717436",1,"Reflexknapp 3M med tryck"
"137587772-947358",1,"Billig Stressboll med tryck"
"182947604-879210",1,"Logoband i bomull"
"520359868-1428073",1,"Recycled Leather Luggage Tag Bagagebrickorna"
"4098374-8197",1,"Badboll med tryck"
"296903782-615268",1,"Kampo - Tändare"
"1677928-49712",1,"Billig tändare med tryck"
"93840796-234373",1,"Korallrock 290g"
"124064416-265042",1,"Velourbadrock 400g"
"377914936-796935",1,"Frottérock 450g"
"449576638-960240",1,"Badrock Hamam"
"152153442-347145",1,"Regal - Regnponcho"
"153041210-348918",1,"Bagagebricka i plast med tryck"
"153113254-349144",1,"Paper Large - Papperspåse stor 150 gr/m²"
"153727952-350519",1,"Uv Gloss - Läppcerat/balsam med UV skydd"
"205912210-479480",1,"Frottérock 445g"
"1676766-3290",1,"Färgad Tändare med tryck"
"5355658-11178",1,"Mini Badboll med tryck"
"1514086-3101",1,"Flasköppnare med tryck"
"1758106-3408",1,"Tändare med egen logo"
"67841046-108668",1,"Elektronisk tändare med logo"
"319013156-680927",1,"Regent Fit - REGENT F HERR T-SHIRT 150g"
"153690768-350459",1,"Uv Soft - Runt läpp cerat med UV skydd"
"495939276-1198178",1,"Identifieringsväst "Leipzig""
"496039208-1198579",1,"Promo Specialväst "Sylt""
"182945280-879205",1,"Logoband Bambu"
"67841046-108667",1,"Elektronisk tändare med logo"
"161737618-366562",1,"Tändare i plast med tryck"
"319035234-681025",1,"Planet Women - PLANET DAM Polo 170g"
"153691930-350463",1,"Duo Mirror - läppcerat med spegel"
"496025264-1198554",1,"Hi-Vis Vändbar Softshell Bodywarmer "Elbrus""
"137821334-947701",1,"Isskrapa i plast med handtag"
"210589260-949344",1,"Logoband 2-i-1 Nyckelband i ABS Romario"
"319031748-683870",1,"Epic - EPIC UNISEX T-SHIRT 140g"
"210589260-949346",1,"Logoband 2-i-1 Nyckelband i ABS Romario"
"137820172-947696",1,"Isskrapa med handtag och eget tryck"
"319034072-1186073",1,"Planet Men - PLANET HERR Pique 170g"
"137586610-947355",1,"Jonglerboll med logo"
"182946442-879207",1,"Logoband Majs"
"319022452-1186055",1,"Wave Men - WAVE MEN väst"
"495627860-1194822",1,"River bagagebricka med fönster av återvunnet material"
"551408508-1211228",1,"IQONIQ Sierra lättvikt t-shirt i återvunnen bomull"
"551410832-1468849",1,"IQONIQ Brett t-shirt i återvunnen bomull"
"551411994-962514",1,"IQONIQ Yosemite pikétröja i återvunnen bomull"
"551403860-1054042",1,"IQONIQ Bryce t-shirt i återvunnen bomull"
"551409670-1291063",1,"IQONIQ Teide t-shirt i återvunnen bomull"
"551407346-1211216",1,"IQONIQ Kakadu relaxed t-shirt i återvunnen bomull"
"551405022-962502",1,"IQONIQ Manuel t-shirt i återvunnen ofärgad bomull"
"551406184-1684523",1,"IQONIQ Tikal quick-dry sport t-shirt i återvunnen polyester"
"583343754-1759398",1,"IQONIQ Nikko t-shirt i tung återvunnen bomull"
"495512822-1194518",1,"Adony läppbalsam"
"139503910-717432",1,"Bagagebricka Reflex med tryck"
"319023614-680965",1,"Wave Women - WAVE DAM VÄST"
"139029814-716685",1,"Applådstavar, Bang Bang Applådstavar"
"139029814-716684",1,"Applådstavar, Bang Bang Applådstavar"
"548379174-1578776",1,"Ero läppbalsam"
"548376850-1578768",1,"Elena läppbalsam"
